순위,상품코드,판매상품ID,상품명,정가,판매가,할인율,적립율,적립예정포인트,인물,출판사,발행일자,분야
1,9791193506202,S000212053843,아이는 무엇으로 자라는가,"17,500","15,750",10%,5%,870,버지니아 사티어,포레스트북스,20231218,가정/육아
2,9788915999008,S000213747758,임신 출산 육아 대백과(2024-2025),"19,500","17,550",10%,5%,970,삼성출판사 편집부,삼성출판사,20240715,가정/육아
3,9788934965404,S000212675550,국어 잘하는 아이가 이깁니다,"17,500","15,750",10%,5%,870,나민애,김영사,20240315,가정/육아
4,9791195795505,S000001967750,삐뽀삐뽀 119 소아과,"29,800","26,820",10%,5%,"1,490",하정훈,유니책방,20240105,가정/육아
5,9791198752406,S000213259785,나는 다정한 관찰자가 되기로 했다,"17,800","16,020",10%,5%,890,이은경,서교책방,20240530,가정/육아
6,9791168127531,S000208779616,최민준의 아들코칭 백과,"18,800","16,920",10%,5%,940,최민준,위즈덤하우스,20230830,가정/육아
7,9791197672125,S000001987855,똑게육아(리커버:K),"22,200","19,980",10%,5%,"1,110",로리(김준희),북로스트,20220224,가정/육아
8,9791168271999,S000213513428,부모의 어휘력,"19,000","17,100",10%,5%,950,김종원,카시오페아,20240617,가정/육아
9,9791186494431,S000001886110,세상에서 제일 재밌는 종이접기,"14,000","12,600",10%,5%,700,네모아저씨 이원표,슬로래빗,20180824,가정/육아
10,9791193842003,S000212413688,우리동네 어린이병원 육아대백과,"27,000","24,300",10%,5%,"1,350",박소영 외,청림라이프,20240306,가정/육아
11,9788934986652,S000000597842,어떻게 말해줘야 할까,"19,800","17,820",10%,5%,990,오은영,김영사,20201025,가정/육아
12,9791164052202,S000209651374,영혼이 강한 아이로 키워라,"17,500","15,750",10%,5%,870,조선미,북하우스,20231030,가정/육아
13,9791193407219,S000213056662,4~7세 보고 만지는 수학은 이렇게 가르칩니다,"25,000","22,500",10%,5%,"1,250",최경희,블루무스,20240430,가정/육아
14,9791165348670,S000211624680,SKY 로드맵,"18,000","16,200",10%,5%,900,이병훈,쌤앤파커스,20231228,가정/육아
15,9791130651514,S000212649167,기적의 서울대 쌍둥이 공부법,"19,000","17,100",10%,5%,950,여호원 외,다산에듀,20240312,가정/육아
16,9791164133055,S000001825877,엄마 나는 자라고 있어요,"22,000","19,800",10%,5%,"1,100",헤티 판 더 레이트 외,북폴리오,20191115,가정/육아
17,9788952736574,S000000730628,아기 발달 백과,"20,000","18,000",10%,5%,"1,000",김수연,지식너머,20190722,가정/육아
18,9791186202753,S000211880065,첫 1년 움직임의 비밀,"18,000","16,200",10%,5%,900,마리안 헤름센-판 완로이,푸른씨앗,20240115,가정/육아
19,9791188053902,S000001909730,하루 한 장 임신 출산 데일리북,"27,500","24,750",10%,5%,"1,370",김문영 외,이덴슬리벨,20200715,가정/육아
20,9791164052356,S000211987833,조선미의 초등생활 상담소,"18,500","16,650",10%,5%,920,조선미,북하우스,20240123,가정/육아
21,9791190776820,S000001943656,4~7세보다 중요한 시기는 없습니다(15만 부 기념 에디션),"19,000","17,100",10%,5%,950,이임숙,카시오페아,20210802,가정/육아
22,9791185402628,S000061451106,세줄쓰기,"12,000","10,800",10%,5%,600,이은경,상상아카데미,20220720,가정/육아
23,9791164052035,S000201457997,조선미의 현실 육아 상담소,"17,500","15,750",10%,5%,870,조선미,북하우스,20230420,가정/육아
24,9791193937228,S000214299107,마음이 부자인 아이는 어떻게 성장하는가,"19,800","17,820",10%,5%,990,박소영,북크레용,20240925,가정/육아
25,9791168271432,S000210144610,66일 자존감 대화법,"18,000","16,200",10%,5%,900,김종원,카시오페아,20231013,가정/육아
26,9791168271838,S000213175474,엄마의 말 그릇,"19,000","17,100",10%,5%,950,김윤나,카시오페아,20240510,가정/육아
27,9791198129109,S000200608044,베싸육아,"22,000","20,000",9%,5%,"1,100",박정은,래디시,20230118,가정/육아
28,9791165797140,S000001840681,작은 변화에도 걱정이 많아지는 예비 엄마들에게,"20,000","18,000",10%,5%,"1,000",전종관,시공사,20211007,가정/육아
29,9788965749868,S000001026120,내 아이를 위한 감정코칭,"20,000","18,000",10%,5%,"1,000",최성애 외,해냄출판사,20200215,가정/육아
30,9791130658452,S000214512007,성적을 부탁해 티처스,"22,000","19,800",10%,5%,"1,100",정승제 외,다산에듀,20241029,가정/육아
1,9791198553317,S000211741146,내 몸 혁명,"19,500","17,550",10%,5%,970,박용우,루미너스,20240110,건강
2,9791193080146,S000211554487,느리게 나이 드는 습관,"18,000","16,200",10%,5%,900,정희원,한빛라이프,20231211,건강
3,9791141606862,S000213848131,저속노화 식사법,"19,000","17,100",10%,5%,950,정희원,테이스트북스,20240726,건강
4,9791197437311,S000001986541,백년허리 2: 치료편,"18,500","16,650",10%,5%,920,정선근,언탱글링,20210513,건강
5,9791165348458,S000211385526,아무도 늙지 않는 세상,"18,000","16,200",10%,5%,900,라정찬,쌤앤파커스,20231225,건강
6,9791197437304,S000001986540,백년허리 1: 진단편,"18,500","16,650",10%,5%,920,정선근,언탱글링,20210415,건강
7,9791196834005,S000001981146,백년운동,"19,500","17,550",10%,5%,970,정선근,아티잔,20191031,건강
8,9788901285146,S000213667191,해독 혁명,"18,500","16,650",10%,5%,920,닥터 라이블리(최지영),웅진지식하우스,20240630,건강
9,9791165349837,S000213741983,3분만 바라보면 눈이 젊어진다,"13,800","12,420",10%,5%,690,히라마쓰 루이,쌤앤파커스,20240724,건강
10,9791192389400,S000209351212,의학의 대가들,"25,000","22,500",10%,5%,"1,250",앤드루 램,상상스퀘어,20230927,건강
11,9791187330295,S000208506254,완전배출,"19,000","17,100",10%,5%,950,조승우,사이몬북스,20230901,건강
12,9791158773120,S000061897300,건강과 다이어트를 동시에 잡는 7대 3의 법칙 채소·과일식(10만 부 기념 스페셜 에디션),"19,000","17,100",10%,5%,950,조승우,바이북스,20221020,건강
13,9791196334703,S000001974970,지방 대사 켜는 스위치온 다이어트,"16,000","14,400",10%,5%,800,박용우,루미너스,20180325,건강
14,9788927880325,S000212806544,세상에서 가장 알기 쉬운 근육연결도감,"17,500","15,750",10%,5%,870,키마타 료,중앙북스,20240327,건강
15,9788993784817,S000212577524,다니엘스의 러닝 포뮬러,"22,000","19,800",10%,5%,"1,100",잭 다니엘스,인간희극,20240410,건강
16,9791159433405,S000061442604,글루코스 혁명,"18,000","18,000",0%,3%,540,제시 인차우스페,아침사과,20220712,건강
17,9788960179110,S000000920070,놓아버림,"19,000","17,100",10%,5%,950,데이비드 호킨스,판미동,20131010,건강
18,9791197437373,S000213659856,백년목 1,"22,000","19,800",10%,5%,"1,100",정선근,언탱글링,20240625,건강
19,9791197437380,S000213842023,백년목 2,"22,000","19,800",10%,5%,"1,100",정선근,언탱글링,20240718,건강
20,9791193506684,S000213745846,내장비만,"18,800","16,920",10%,5%,940,이왕림,포레스트북스,20240710,건강
21,9791197834202,S000001988372,다이어트 사이언스(2022),"22,000","19,800",10%,5%,"1,100",최겸,린체인저스,20220323,건강
22,9791160322200,S000212302484,양선수의 온라인 PT,"25,800","23,220",10%,5%,"1,290",양선수,싸이프레스,20240217,건강
23,9791189809621,S000211029600,병에 걸려도 잘 사는 법,"21,000","18,900",10%,5%,"1,050",김영길,서울셀렉션,20231106,건강
24,9788967441791,S000001047356,환자 혁명,"15,000","13,500",10%,5%,750,조한경,에디터,20171111,건강
25,9791130694801,S000200143409,염증 해방,"18,000","16,200",10%,5%,900,정세연,다산라이프,20221110,건강
26,9791187512943,S000212997203,느리게 나이 드는 기억력의 비밀,"19,800","17,820",10%,5%,990,김희진,앵글북스,20240430,건강
27,9788967440725,S000001047333,의사들도 모르는 기적의 간 청소,"16,000","14,400",10%,5%,800,안드레아스 모리츠,에디터,20150107,건강
28,9791130651415,S000212713969,완전 소화,"20,000","18,000",10%,5%,"1,000",류은경,다산라이프,20240314,건강
29,9791130646664,S000210137650,기적의 자세요정,"22,000","19,800",10%,5%,"1,100",자세요정,다산라이프,20231012,건강
30,9791186552797,S000209650489,운동화 신은 뇌,"16,000","14,400",10%,5%,800,존 레이티 외,녹색지팡이,20231001,건강
1,9791198517425,S000212321676,불변의 법칙,"25,000","22,500",10%,5%,"1,250",모건 하우절,서삼독,20240228,경제/경영
2,9791191056372,S000001947552,돈의 심리학(30만 부 기념 스페셜 에디션),"19,800","17,820",10%,5%,990,모건 하우절,인플루엔셜,20231106,경제/경영
3,9788959897223,S000214208202,트렌드 코리아 2025,"20,000","18,000",10%,5%,"1,000",김난도 외,미래의창,20241007,경제/경영
4,9791198686114,S000213368065,THE MONEY BOOK(더 머니북),"22,000","19,800",10%,5%,"1,100",토스,비바리퍼블리카,20240527,경제/경영
5,9791140707492,S000211647166,처음부터 시작하는 주식투자 단타전략,"21,000","18,900",10%,5%,"1,050",홍인기,길벗,20231222,경제/경영
6,9791188331796,S000001913217,돈의 속성(400쇄 리커버에디션),"17,800","16,020",10%,5%,890,김승호,스노우폭스북스,20200615,경제/경영
7,9788957365793,S000000848997,자본주의,"22,000","19,800",10%,5%,"1,100",EBS 자본주의 제작팀,가나출판사,20130927,경제/경영
8,9791158883591,S000001772245,부자 아빠 가난한 아빠 1(20주년 특별 기념판),"17,000","15,300",10%,5%,850,로버트 기요사키,민음인,20221028,경제/경영
9,9791170610359,S000209151495,시대예보: 핵개인의 시대,"21,000","18,900",10%,5%,"1,050",송길영,교보문고,20230925,경제/경영
10,9788959897179,S000209007998,트렌드 코리아 2024,"19,000","17,100",10%,5%,950,김난도 외,미래의창,20231012,경제/경영
11,9791170611875,S000214215646,시대예보: 호명사회,"22,000","19,800",10%,5%,"1,100",송길영,교보문고,20240925,경제/경영
12,9788997743605,S000212056636,퍼스널 MBA(10주년 기념 증보판),"35,500","31,950",10%,5%,"1,770",조시 카우프만,진성북스,20240125,경제/경영
13,9791187444725,S000001901955,부의 추월차선(10주년 스페셜 에디션),"17,500","15,750",10%,5%,870,엠제이 드마코,토트,20220204,경제/경영
14,9791171171989,S000211520609,나는 배당투자로 매일 스타벅스 커피를 공짜로 마신다,"24,000","21,600",10%,5%,"1,200",송민섭(수페TV),21세기북스,20231206,경제/경영
15,9791130697246,S000200940784,레버리지,"18,000","16,200",10%,5%,900,롭 무어,다산북스,20230215,경제/경영
16,9791193358511,S000211811367,사는 동안 한 번은 팔아봐라,"19,800","17,820",10%,5%,990,서과장,마인드셋,20240110,경제/경영
17,9788925575438,S000212146919,컨셉 수업,"22,000","19,800",10%,5%,"1,100",호소다 다카히로,알에이치코리아,20240124,경제/경영
18,9788901279282,S000211905581,유목민의 투자의 정석,"28,000","25,200",10%,5%,"1,400",유목민,리더스북,20240117,경제/경영
19,9791188331888,S000201274192,사장학개론,"25,000","22,500",10%,5%,"1,250",김승호,스노우폭스북스,20230419,경제/경영
20,9791198252487,S000212145658,비트코인 슈퍼 사이클,"25,000","22,500",10%,5%,"1,250",신민철(처리형),거인의정원,20240125,경제/경영
21,9791140710027,S000213299774,원칙으로 수익 내는 단타의 기술,"22,000","19,800",10%,5%,"1,100",원정연(만쥬),길벗,20240531,경제/경영
22,9791130633619,S000001687079,부자의 그릇(블랙 에디션),"17,000","15,300",10%,5%,850,이즈미 마사토,다산북스,20240501,경제/경영
23,9791198987600,S000214710919,트럼프 2.0 시대,"20,000","18,000",10%,5%,"1,000",박종훈,글로퍼스,20241108,경제/경영
24,9791198564139,S000213096859,어떻게 살 것인가,"17,000","15,300",10%,5%,850,이광수,이든하우스,20240502,경제/경영
25,9791190238977,S000210137571,AI 2024 트렌드&활용백과,"22,000","19,800",10%,5%,"1,100",김덕진,스마트북스,20231025,경제/경영
26,9788957825945,S000000858148,월가의 영웅,"26,000","23,400",10%,5%,"1,300",피터 린치 외,국일증권경제연구소,20210730,경제/경영
27,9791157847679,S000214298857,박태웅의 AI 강의 2025,"18,800","16,920",10%,5%,940,박태웅,한빛비즈,20240930,경제/경영
28,9791155815656,S000200472901,마케팅 설계자,"24,800","22,320",10%,5%,"1,240",러셀 브런슨,윌북,20221230,경제/경영
29,9791157842636,S000001760938,원칙,"35,000","31,500",10%,5%,"1,750",레이 달리오,한빛비즈,20180618,경제/경영
30,9791193937211,S000214175643,머니 트렌드 2025,"25,000","22,500",10%,5%,"1,250",정태익 외,북모먼트,20241002,경제/경영
1,9791189327156,S000001925800,물고기는 존재하지 않는다,"17,000","15,300",10%,5%,850,룰루 밀러,곰출판,20211217,과학
2,9788983711892,S000001290624,코스모스,"19,900","17,910",10%,5%,990,칼 세이건,사이언스북스,20100120,과학
3,9788932473901,S000000576524,이기적 유전자,"20,000","18,000",10%,5%,"1,000",리처드 도킨스,을유문화사,20230130,과학
4,9788955617085,S000000805747,침팬지 폴리틱스,"18,000","16,200",10%,5%,900,프란스 드 발,바다출판사,20180309,과학
5,9791130655017,S000213944257,찬란한 멸종,"21,000","18,900",10%,5%,"1,050",이정모,다산북스,20240807,과학
6,9788965966197,S000212601667,나라는 착각,"22,000","19,800",10%,5%,"1,100",그레고리 번스,흐름출판,20240302,과학
7,9791197413025,S000001986381,다정한 것이 살아남는다,"22,000","19,800",10%,5%,"1,100",브라이언 헤어 외,디플롯,20210726,과학
8,9791166891496,S000201850980,하늘과 바람과 별과 인간,"17,800","16,020",10%,5%,890,김상욱,바다출판사,20230526,과학
9,9791165348472,S000211507741,나 없이는 존재하지 않는 세상,"18,000","16,200",10%,5%,900,카를로 로벨리,쌤앤파커스,20231201,과학
10,9791162543931,S000214507019,비전공자도 이해할 수 있는 AI 지식(10만부 기념 개정판),"19,800","17,820",10%,5%,990,박상길,비즈니스북스,20241022,과학
11,9791191122459,S000210870284,과학을 보다: 우주의 비밀에서 과학자의 머릿속까지,"19,800","17,820",10%,5%,990,김범준 외,알파미디어,20231117,과학
12,9791167741448,S000212905941,호르몬은 어떻게 나를 움직이는가,"22,000","19,800",10%,5%,"1,100",막스 니우도르프,어크로스,20240409,과학
13,9791140708437,S000212264751,수학의 힘,"20,000","18,000",10%,5%,"1,000",올리버 존슨,더퀘스트,20240221,과학
14,9791189198862,S000001923922,종의 기원,"22,000","19,800",10%,5%,"1,100",찰스 다윈 외,사이언스북스,20190731,과학
15,9791157847143,S000211743218,만화로 배우는 멸종과 진화,"22,000","19,800",10%,5%,"1,100",김도윤,한빛비즈,20240110,과학
16,9791165349936,S000214054290,화이트홀,"18,000","16,200",10%,5%,900,카를로 로벨리,쌤앤파커스,20240901,과학
17,9788965708063,S000001024798,시간은 흐르지 않는다,"16,000","14,400",10%,5%,800,카를로 로벨리,쌤앤파커스,20190610,과학
18,9788901283470,S000213378368,폭염 살인,"23,000","20,700",10%,5%,"1,150",제프 구델,웅진지식하우스,20240603,과학
19,9791193506530,S000213260194,고래는 물에서 숨 쉬지 않는다,"22,000","19,800",10%,5%,"1,100",앤디 돕슨,포레스트북스,20240516,과학
20,9791165215842,S000001834636,이토록 뜻밖의 뇌과학,"16,000","14,400",10%,5%,800,리사 팰트먼 배럿,더퀘스트,20210805,과학
21,9791169257176,S000201506321,아주 위험한 과학책,"23,000","20,700",10%,5%,"1,150",랜들 먼로,시공사,20230427,과학
22,9791192389530,S000211905580,센세이셔널,"22,000","19,800",10%,5%,"1,100",애슐리 워드,상상스퀘어,20240110,과학
23,9791165219550,S000061352558,미적분의 쓸모,"19,500","17,550",10%,5%,970,한화택,더퀘스트,20220521,과학
24,9788962622508,S000000970998,떨림과 울림,"15,000","13,500",10%,5%,750,김상욱,동아시아,20181107,과학
25,9791191122633,S000213448322,과학을 보다 2: 바로 읽고 바로 써먹는 기발하고 수상한 과학책,"19,800","17,820",10%,5%,990,김범준 외,알파미디어,20240621,과학
26,9788901165851,S000000406959,E=mc2,"17,000","15,300",10%,5%,850,데이비드 보더니스,웅진지식하우스,20140725,과학
27,9791130652016,S000213026035,물리학자는 두뇌를 믿지 않는다,"18,500","16,650",10%,5%,920,브라이언 키팅,다산초당,20240422,과학
28,9788965403388,S000200053547,통계 101×데이터 분석,"22,000","19,800",10%,5%,"1,100",아베 마사토,프리렉,20221031,과학
29,9788932919584,S000000582009,우리는 왜 잠을 자야 할까,"23,000","20,700",10%,5%,"1,150",매슈 워커,열린책들,20190225,과학
30,9788934955177,S000211612929,양자컴퓨터의 미래,"24,800","22,320",10%,5%,"1,240",미치오 카쿠,김영사,20231211,과학
1,9791191600704,S000001952241,진짜 쓰는 실무 엑셀,"21,000","18,900",10%,5%,"1,050",오빠두(전진권),제이펍,20220215,컴퓨터/IT
2,9791163034735,S000202532365,Do it! 점프 투 파이썬,"22,000","19,800",10%,5%,"1,100",박응용,이지스퍼블리싱,20230615,컴퓨터/IT
3,9791129708328,S000061838415,회사는 엑셀을 가르쳐주지 않아요,"18,000","16,200",10%,5%,900,쏘피(박성희),메가스터디북스,20220920,컴퓨터/IT
4,9791163036234,S000213900214,된다! 하루 만에 끝내는 챗GPT 활용법,"17,200","15,480",10%,5%,860,프롬프트 크리에이터,이지스퍼블리싱,20240729,컴퓨터/IT
5,9791162245651,S000061352349,혼자 공부하는 파이썬,"22,000","19,800",10%,5%,"1,100",윤인성,한빛미디어,20220601,컴퓨터/IT
6,9788962632729,S000213057707,침묵의 봄,"22,000","19,800",10%,5%,"1,100",레이첼 카슨,에코리브르,20240430,기술/공학
7,9791162243091,S000061584886,혼자 공부하는 컴퓨터 구조+운영체제,"28,000","25,200",10%,5%,"1,400",강민철,한빛미디어,20220816,컴퓨터/IT
8,9791162243664,S000001810330,혼자 공부하는 머신러닝+딥러닝,"26,000","23,400",10%,5%,"1,300",박해선,한빛미디어,20201221,컴퓨터/IT
9,9791194084006,S000213362002,최고의 프롬프트 엔지니어링 강의,"24,000","21,600",10%,5%,"1,200",김진중,리코멘드,20240610,컴퓨터/IT
10,9791140714063,S000213899496,디자인 구구단,"20,000","18,000",10%,5%,"1,000",에이핫,길벗,20240805,컴퓨터/IT
11,9791189909703,S000213834592,LLM을 활용한 실전 AI 애플리케이션 개발,"32,000","28,800",10%,5%,"1,600",허정준,책만,20240725,컴퓨터/IT
12,9791192987170,S000202672610,진짜 쓰는 프리미어 프로 영상 편집,"24,000","21,600",10%,5%,"1,200",조블리(조애리),제이펍,20230703,컴퓨터/IT
13,9791198364272,S000212567721,제가 쓰는 챗GPT는 당신이 쓰는 챗GPT와 전혀 다릅니다,"18,800","16,920",10%,5%,940,허민,리코멘드,20240308,컴퓨터/IT
14,9791165219529,S000001834833,면접을 위한 CS 전공지식 노트,"24,000","21,600",10%,5%,"1,200",주홍철,길벗,20220428,컴퓨터/IT
15,9791140708895,S000212670871,"엑셀마왕의 엑셀 이럴 땐, 이렇게!","20,000","18,000",10%,5%,"1,000",엑셀마왕(임규범),길벗,20240320,컴퓨터/IT
16,9788966264254,S000211656186,가상 면접 사례로 배우는 대규모 시스템 설계 기초 2,"36,000","32,400",10%,5%,"1,800",알렉스 쉬 외,인사이트,20240102,컴퓨터/IT
17,9788966263158,S000001033116,가상 면접 사례로 배우는 대규모 시스템 설계 기초,"24,000","21,600",10%,5%,"1,200",알렉스 쉬,인사이트,20210728,컴퓨터/IT
18,9791158394721,S000209663807,진짜 챗GPT 활용법,"20,000","18,000",10%,5%,"1,000",김준성 외,위키북스,20231018,컴퓨터/IT
19,9791196918033,S000001981866,비전공자를 위한 이해할 수 있는 IT 지식,"16,800","15,120",10%,5%,840,최원영,티더블유아이지,20200714,컴퓨터/IT
20,9791169212427,S000212999739,켄트 벡의 Tidy First?: 더 나은 소프트웨어 설계를 위한 32가지 코드 정리법,"22,000","19,800",10%,5%,"1,100",켄트 벡,한빛미디어,20240419,컴퓨터/IT
21,9791169211987,S000212055919,맛있는 디자인 포토샵&일러스트레이터 CC 2024,"26,000","23,400",10%,5%,"1,300",빨간고래 외,한빛미디어,20240131,컴퓨터/IT
22,9791169210911,S000202252289,혼자 공부하는 C 언어,"26,000","23,400",10%,5%,"1,300",서현우,한빛미디어,20230518,컴퓨터/IT
23,9791169212144,S000212911507,혼자 공부하는 네트워크,"28,000","25,200",10%,5%,"1,400",강민철,한빛미디어,20240412,컴퓨터/IT
24,9791140708598,S000212568407,랭체인으로 LLM 기반의 AI 서비스 개발하기,"24,000","21,600",10%,5%,"1,200",서지영,길벗,20240227,컴퓨터/IT
25,9788968484636,S000001057805,밑바닥부터 시작하는 딥러닝,"24,000","21,600",10%,5%,"1,200",사이토 고키,한빛미디어,20170103,컴퓨터/IT
26,9788966260959,S000001032980,Clean Code(클린 코드),"33,000","29,700",10%,5%,"1,650",로버트 C. 마틴,인사이트,20131224,컴퓨터/IT
27,9791158392239,S000001766445,모던 자바스크립트 Deep Dive,"45,000","40,500",10%,5%,"2,250",이웅모,위키북스,20200925,컴퓨터/IT
28,9791140703302,S000200929052,코딩 자율학습 나도코딩의 파이썬 입문,"24,000","21,600",10%,5%,"1,200",나도코딩,길벗,20230220,컴퓨터/IT
29,9791186573716,S000211780653,미드저니 프롬프트 마스터 가이드,"29,000","26,100",10%,5%,"1,450",조남경,비엘북스,20240123,컴퓨터/IT
30,9791158394646,S000210725203,모던 리액트 Deep Dive,"48,000","43,200",10%,5%,"2,400",김용찬,위키북스,20231107,컴퓨터/IT
1,9791171723331,S000211775099,원피스 107: 전설의 영웅,"5,500","4,950",10%,5%,270,Eiichiro Oda,대원씨아이,20240131,만화
2,9791136783134,S000212576847,주술회전 25: 인외마경 신주쿠 결전,"6,000","5,400",10%,5%,300,Gege Akutami,서울미디어코믹스(서울문화사),20240220,만화
3,9791168761841,S000001854018,룩 백,"6,000","5,400",10%,5%,300,Tatsuki Fujimoto,학산문화사,20220325,만화
4,9788954698726,S000212844557,패밀리 레스토랑 가자(상),"8,500","7,650",10%,5%,420,와야마 야마,문학동네,20240401,만화
5,9791136784469,S000213078461,명탐정 코난 104,"6,000","5,400",10%,5%,300,Gosho AOYAMA,서울미디어코믹스(서울문화사),20240424,만화
6,9791171249022,S000211501218,극락가 1,"6,000","5,400",10%,5%,300,Yuto Sano,대원씨아이,20231231,만화
7,9791138483162,S000213417604,쿠이 료코 낙서집 데이드림 아워,"20,000","18,000",10%,5%,"1,000",쿠이 료코,소미미디어,20240604,만화
8,9791141103835,S000208698794,"안녕, 에리","6,000","5,400",10%,5%,300,후지모토 타츠키,학산문화사,20230825,만화
9,9791172457273,S000213778040,최애의 아이 13,"6,000","5,400",10%,5%,300,Aka Akasaka 외,대원씨아이,20240731,만화
10,9791136784773,S000212937095,반딧불이의 혼례 1,"8,500","7,650",10%,5%,420,Oreco TACHIBANA,서울미디어코믹스(서울문화사),20240430,만화
11,9791136286673,S000001712991,사카모토 데이즈 1: 전설의 킬러,"6,000","5,400",10%,5%,300,Yuto Suzuki,대원씨아이,20211001,만화
12,9791172033491,S000212796846,열혈강호 90,"5,500","4,950",10%,5%,270,전극진,대원씨아이,20240319,만화
13,9791136784605,S000213045842,지박소년 하나코 군 21,"6,000","5,400",10%,5%,300,AidaIro,서울미디어코믹스(서울문화사),20240430,만화
14,9791172450021,S000213183671,하이큐!! 매거진 2024 MAY,"20,000","18,000",10%,5%,"1,000",후루다테 하루이치,대원씨아이,20240514,만화
15,9791136787309,S000213399486,괴수 8호 12,"6,000","5,400",10%,5%,300,Naoya Matsumoto,서울미디어코믹스(서울문화사),20240530,만화
16,9791141134402,S000213544589,스파이 패밀리 13,"6,000","5,400",10%,5%,300,Tatsuya Endo,학산문화사,20240625,만화
17,9791136787279,S000213309737,나의 히어로 아카데미아 40,"6,000","5,400",10%,5%,300,Kohei Horikoshi,서울미디어코믹스(서울문화사),20240531,만화
18,9791172039417,S000213183675,하이큐!! 챔프 쓰레기장의 결전,"15,000","13,500",10%,5%,750,후루다테 하루이치,대원씨아이,20240514,만화
19,9791193549810,S000212777757,나 혼자만 레벨업 10(만화),"16,000","14,400",10%,5%,800,장성락(REDICE STUDIO),디앤씨미디어,20240418,만화
20,9791172456115,S000214054160,카구라바치 1: 해야만 하는 일,"6,500","5,850",10%,5%,320,호카조노 타케루,대원씨아이,20240831,만화
21,9791138482769,S000213034075,던전밥 14,"7,000","6,300",10%,5%,350,Ryoko Kui,소미미디어,20240503,만화
22,9791136786265,S000213350765,방과 후 소년 하나코 군 2,"6,000","5,400",10%,5%,300,아이다이로,서울미디어코믹스(서울문화사),20240522,만화
23,9791172039950,S000213260193,봇치ㆍ더ㆍ록! 앤솔러지 코믹 1,"9,000","8,100",10%,5%,450,하마지 아키 외,대원씨아이,20240529,만화
24,9791172030292,S000212414735,원펀맨(One Punch Man) 29,"5,500","4,950",10%,5%,270,ONE,대원씨아이,20240229,만화
25,9791127872717,S000211389903,히카루가 죽은 여름 3,"6,000","5,400",10%,5%,300,모쿠모쿠 렌,디앤씨미디어,20231208,만화
26,9788954685696,S000000781297,가라오케 가자!,"8,500","7,650",10%,5%,420,와야마 야마,문학동네,20220414,만화
27,9791141121426,S000212261519,봄의 폭풍과 몬스터 3,"6,000","5,400",10%,5%,300,MITSUBACHI MIYUKI,학산문화사,20240225,만화
28,9791141124694,S000212261530,장송의 프리렌 11,"6,000","5,400",10%,5%,300,Kanehito YAMADA,학산문화사,20240225,만화
29,9791169635585,S000212427722,화산귀환 5,"16,000","14,400",10%,5%,800,STUDIO LICO,에이템포,20240222,만화
30,9791171722426,S000211727425,봇치ㆍ더ㆍ록! 6,"8,000","7,200",10%,5%,400,Aki Hamazi,대원씨아이,20231231,만화
1,9788936434120,S000000610612,소년이 온다,"15,000","13,500",10%,5%,750,한강,창비,20140519,소설
2,9788936434595,S000000610650,채식주의자,"17,000","15,300",10%,5%,850,한강,창비,20220328,소설
3,9788954682152,S000000781116,작별하지 않는다,"16,800","15,120",10%,5%,840,한강,문학동네,20210909,소설
4,9788998441012,S000001632467,모순,"13,000","11,700",10%,5%,650,양귀자,쓰다,20130401,소설
5,9788954651134,S000000780090,흰,"14,500","13,050",10%,5%,720,한강,문학동네,20180425,소설
6,9788954616515,S000000778206,희랍어 시간,"13,000","11,700",10%,5%,650,한강,문학동네,20111110,소설
7,9791130646381,S000211513068,이처럼 사소한 것들,"13,800","12,420",10%,5%,690,클레어 키건,다산책방,20231127,소설
8,9791167372864,S000201621499,구의 증명(리커버판),"12,000","10,800",10%,5%,600,최진영,은행나무,20230426,소설
9,9791170611561,S000213800371,당신이 누군가를 죽였다,"19,800","17,820",10%,5%,990,히가시노 게이고,북다,20240723,소설
10,9788952776372,S000000733954,리틀 라이프 1,"14,800","13,320",10%,5%,740,한야 야나기하라,시공사,20160616,소설
11,9788954442695,S000000776062,삼체 1: 삼체문제,"17,000","15,300",10%,5%,850,류츠신,자음과모음,20220215,소설
12,9788937461033,S000000620240,인간 실격,"9,000","8,100",10%,5%,450,다자이 오사무,민음사,20120410,소설
13,9791161571188,S000001803157,불편한 편의점(벚꽃 에디션),"16,800","15,120",10%,5%,840,김호연,나무옆의자,20210420,소설
14,9788954681155,S000000781065,홍학의 자리,"14,000","12,600",10%,5%,700,정해연,엘릭시르,20210726,소설
15,9788954693462,S000202496475,디 에센셜: 한강(무선 보급판),"17,000","15,300",10%,5%,850,한강,문학동네,20230601,소설
16,9791141601300,S000214032055,이중 하나는 거짓말,"16,000","14,400",10%,5%,800,김애란,문학동네,20240827,소설
17,9788937460449,S000000620181,데미안,"8,000","7,200",10%,5%,400,헤르만 헤세,민음사,20090120,소설
18,9788954695053,S000203331812,아주 희미한 빛으로도,"16,800","15,120",10%,5%,840,최은영,문학동네,20230807,소설
19,9791161571768,S000212997171,나의 돈키호테,"18,000","16,200",10%,5%,900,김호연,나무옆의자,20240425,소설
20,9788937473401,S000200550189,급류,"14,000","12,600",10%,5%,700,정대건,민음사,20221222,소설
21,9791167374561,S000214042901,영원한 천국,"19,800","17,820",10%,5%,990,정유정,은행나무,20240828,소설
22,9791130698199,S000201621680,맡겨진 소녀,"13,000","11,700",10%,5%,650,클레어 키건,다산책방,20230421,소설
23,9791193937198,S000213999814,빛이 이끄는 곳으로,"18,800","16,920",10%,5%,940,백희성,북로망스,20240821,소설
24,9788937460586,S000000620195,싯다르타,"8,000","7,200",10%,5%,400,헤르만 헤세,민음사,20020120,소설
25,9791130649672,S000211833232,흐르는 강물처럼,"17,000","15,300",10%,5%,850,셸리 리드,다산책방,20240108,소설
26,9791162203620,S000001808685,파과,"15,800","14,220",10%,5%,790,구병모,위즈덤하우스,20180416,소설
27,9791191043754,S000061353833,세상의 마지막 기차역(리커버 에디션),"14,000","12,600",10%,5%,700,무라세 다케시,모모,20220509,소설
28,9788954638746,S000212854941,제15회 젊은작가상 수상작품집(2024),"15,000","13,500",10%,5%,750,김멜라 외,문학동네,20240331,소설
29,9788937434488,S000000619590,노르웨이의 숲,"17,000","15,300",10%,5%,850,무라카미 하루키,민음사,20170807,소설
30,9791192579504,S000201370169,바다가 들리는 편의점,"16,000","14,400",10%,5%,800,마치다 소노코,모모,20230324,소설
1,9788932024639,S000000569962,서랍에 저녁을 넣어 두었다,"12,000","10,800",10%,5%,600,한강,문학과지성사,20131115,시/에세이
2,9791157280292,S000001752581,꽃을 보듯 너를 본다,"13,000","11,700",10%,5%,650,나태주,지혜,20201130,시/에세이
3,9788932042725,S000213044371,누군가를 이토록 사랑한 적,"12,000","10,800",10%,5%,600,이병률,문학과지성사,20240424,시/에세이
4,9791193506073,S000211871551,사랑인 줄 알았는데 부정맥,"13,300","11,970",10%,5%,660,전국유로실버타운협회,포레스트북스,20240117,시/에세이
5,9788954696012,S000210141299,샤워젤과 소다수,"12,000","10,800",10%,5%,600,고선경,문학동네,20231019,시/에세이
6,9788932040448,S000061694107,나는 오래된 거리처럼 너를 사랑하고,"12,000","10,800",10%,5%,600,진은영,문학과지성사,20220831,시/에세이
7,9788970638331,S000001079757,지금 알고 있는 걸 그때도 알았더라면,"10,000","9,000",10%,5%,500,류시화 ,열림원,20141203,시/에세이
8,9791171710867,S000211646785,그대는 나의 여름이 되세요,"17,000","15,300",10%,5%,850,서덕준,위즈덤하우스,20231214,시/에세이
9,9791141077761,S000213834312,토마토 컵라면(스페셜 에디션),"9,000","8,100",10%,5%,450,차정은,부크크(Bookk),20240408,시/에세이
10,9788995501474,S000001573836,사랑하라 한번도 상처받지 않은 것처럼,"10,000","9,000",10%,5%,500,류시화,오래된미래,20081024,시/에세이
11,9791190382267,S000001939521,마음챙김의 시,"13,000","11,700",10%,5%,650,류시화 ,수오서재,20200917,시/에세이
12,9791170400608,S000061353411,너무 잘하려고 애쓰지 마라,"14,000","12,600",10%,5%,700,나태주,열림원,20220531,시/에세이
13,9791141600778,S000213513712,당근밭 걷기,"12,000","10,800",10%,5%,600,안희연,문학동네,20240615,시/에세이
14,9788932042701,S000212907555,시는 나를 끌고 당신에게로 간다,"12,000","10,800",10%,5%,600,문학과지성사 편집부,문학과지성사,20240403,시/에세이
15,9788937409394,S000211690708,정신머리,"12,000","10,800",10%,5%,600,박참새,민음사,20231215,시/에세이
16,9788936424466,S000000610336,여름 언덕에서 배운 것,"13,000","11,700",10%,5%,650,안희연,창비,20200724,시/에세이
17,9788932030395,S000000570297,바다는 잘 있습니다,"12,000","10,800",10%,5%,600,이병률,문학과지성사,20170920,시/에세이
18,9788954697132,S000211554830,별의 길,"13,800","12,420",10%,5%,690,양세형,이야기장수,20231204,시/에세이
19,9788932035307,S000000570429,날개 환상통,"12,000","10,800",10%,5%,600,김혜순,문학과지성사,20190331,시/에세이
20,9788954699440,S000212963606,사랑이 죽었는지 가서 보고 오렴,"12,000","10,800",10%,5%,600,박연준,문학동네,20240415,시/에세이
21,9791157284368,S000001752813,풀꽃,"13,000","11,700",10%,5%,650,나태주,지혜,20210405,시/에세이
22,9788954698818,S000209707012,내가 아직 쓰지 않은 것,"3,000","2,700",10%,5%,150,강신애 외,문학동네,20231016,시/에세이
23,9788932034942,S000000570399,우리가 함께 장마를 볼 수도 있겠습니다,"12,000","10,800",10%,5%,600,박준,문학과지성사,20181213,시/에세이
24,9791170402183,S000209746303,이해인의 햇빛 일기,"16,000","14,400",10%,5%,800,이해인,열림원,20231016,시/에세이
25,9788932003979,S000000568107,입 속의 검은 잎,"12,000","10,800",10%,5%,600,기형도,문학과지성사,19910201,시/에세이
26,9791193153093,S000209577656,오래 보고 싶었다,"17,000","15,300",10%,5%,850,나태주,더블북,20231005,시/에세이
27,9788936402945,S000212798421,이건 다만 사랑의 습관,"11,000","9,900",10%,5%,550,안희연 외,창비,20240329,시/에세이
28,9791157956357,S000001761890,하늘과 바람과 별과 시,"13,000","11,700",10%,5%,650,윤동주100년포럼,스타북스,20220216,시/에세이
29,9788925561820,S000000478717,가장 예쁜 생각을 너에게 주고 싶다,"15,000","13,500",10%,5%,750,나태주,알에이치코리아,20170607,시/에세이
30,9788959139309,S000000888070,어쩌면 별들이 너의 슬픔을 가져갈지도 몰라,"15,800","14,220",10%,5%,790,김용택,위즈덤하우스,20221101,시/에세이
1,9791171711451,S000212390791,빨간내복야코 맞춤법 절대 안 틀리는 책 1,"14,000","12,600",10%,5%,700,박종은,위즈덤하우스,20240221,어린이(초등)
2,9791158682798,S000211812702,읽으면서 바로 써먹는 어린이 세계 여행,"13,000","11,700",10%,5%,650,한날,파란정원,20240105,어린이(초등)
3,9791158682842,S000213087019,읽으면서 바로 써먹는 어린이 감정 표현,"13,000","11,700",10%,5%,650,한날,파란정원,20240505,어린이(초등)
4,9788954677158,S000000780847,긴긴밤,"12,500","11,250",10%,5%,620,루리,문학동네,20210203,어린이(초등)
5,9791171252565,S000211737385,웡카,"16,000","14,400",10%,5%,800,시빌 파운더,시공주니어,20240105,어린이(초등)
6,9791168341753,S000212731479,벚꽃 수영장,"16,800","15,120",10%,5%,840,신현경,북스그라운드,20240320,어린이(초등)
7,9791191836219,S000201465565,아홉 살에 시작하는 똑똑한 초등신문,"17,500","15,750",10%,5%,870,신효원,책장속북스,20230505,어린이(초등)
8,9788936448523,S000210779664,고양이 해결사 깜냥 6: 하품이의 가족을 찾아라!,"12,000","10,800",10%,5%,600,홍민정,창비,20231027,어린이(초등)
9,9791172032944,S000212737925,탁주 쪼꼬 탈출 게임 1,"14,500","13,050",10%,5%,720,탁주TV,대원키즈,20240319,어린이(초등)
10,9791192504339,S000212651047,백앤아 5: 수리수리 마녀 약방,"15,000","13,500",10%,5%,750,백앤아,샌드박스스토리키즈,20240306,어린이(초등)
11,9791164067183,S000212934840,이상한 과자 가게 전천당 20,"13,000","11,700",10%,5%,650,히로시마 레이코,길벗스쿨,20240422,어린이(초등)
12,9791186745625,S000211728104,해리포터 마법 주문 대백과,"13,800","12,420",10%,5%,690,머글넷,폴더,20231228,어린이(초등)
13,9791193379158,S000212054216,나에게 들려주는 예쁜 말,"16,800","15,120",10%,5%,840,김종원,상상아이,20240201,어린이(초등)
14,9791168341180,S000203332535,야옹이 수영 교실,"16,800","15,120",10%,5%,840,신현경,북스그라운드,20230730,어린이(초등)
15,9791158682880,S000214299207,어린이 스도쿠: 학교 괴담,"13,000","11,700",10%,5%,650,한날,파란정원,20240920,어린이(초등)
16,9791186494967,S000211736954,네모아저씨의 페이퍼 블레이드 히든카드,"11,500","10,350",10%,5%,570,네모아저씨 이원표,슬로래빗,20240103,어린이(초등)
17,9791169232593,S000212427978,대저택의 집 나가서 개고생,"14,000","12,600",10%,5%,700,집사TV,서울문화사,20240227,어린이(초등)
18,9788949162607,S000213500988,왕구리네 떡집,"13,000","11,700",10%,5%,650,김리리,비룡소,20240612,어린이(초등)
19,9788954674638,S000000780723,5번 레인,"12,500","11,250",10%,5%,620,은소홀,문학동네,20200914,어린이(초등)
20,9791189686987,S000212649641,이상한 무인 편의점,"14,000","12,600",10%,5%,700,서아람,라곰스쿨,20240313,어린이(초등)
21,9788936448608,S000212843933,위풍당당 여우 꼬리 5: 별빛 가득 기적의 무대,"13,000","11,700",10%,5%,650,손원평,창비,20240329,어린이(초등)
22,9791171251230,S000213096902,169층 나무 집,"15,000","13,500",10%,5%,750,앤디 그리피스,시공주니어,20240425,어린이(초등)
23,9788957077627,S000211730105,시간 고양이 4: 물과 불의 열차,"15,000","13,500",10%,5%,750,박미연,이지북,20231227,어린이(초등)
24,9791170626879,S000208490184,산리오캐릭터즈 도감,"14,000","12,600",10%,5%,700,대원키즈 편집부,대원앤북,20230818,어린이(초등)
25,9791168222663,S000212568949,똑 부러지게 내 생각을 전하는 말하기 연습,"14,300","12,870",10%,5%,710,임정민,서사원주니어,20240304,어린이(초등)
26,9791158682446,S000061450245,읽으면서 바로 써먹는 어린이 수수께끼: 공포 특급,"13,000","11,700",10%,5%,650,한날,파란정원,20220725,어린이(초등)
27,9791158682712,S000209212223,읽으면서 바로 써먹는 어린이 세계사 퀴즈 2,"13,000","11,700",10%,5%,650,한날,파란정원,20230925,어린이(초등)
28,9791158681258,S000001770940,읽으면서 바로 써먹는 어린이 속담,"12,000","10,800",10%,5%,600,한날,파란정원,20171030,어린이(초등)
29,9791168415331,S000212664623,흔한남매 이상한 나라의 고전 읽기 5,"14,000","12,600",10%,5%,700,최재훈,미래엔아이세움,20240314,어린이(초등)
30,9791158681746,S000001770974,어린이 수수께끼,"12,000","10,800",10%,5%,600,한날,파란정원,20200525,어린이(초등)
1,9791168418011,S000213034261,흔한남매 16,"14,500","13,050",10%,5%,720,흔한남매,미래엔아이세움,20240425,어린이(초등)
2,9791168418516,S000213724095,흔한남매 이무기 2,"15,800","14,220",10%,5%,790,이종혁,미래엔아이세움,20240710,어린이(초등)
3,9791168414488,S000212322171,흔한남매의 흔한 호기심 11,"14,000","12,600",10%,5%,700,흔한남매,미래엔아이세움,20240216,어린이(초등)
4,9791168417786,S000212222151,슈뻘맨의 숨은 과학 찾기 3,"14,000","12,600",10%,5%,700,슈뻘맨,미래엔아이세움,20240206,어린이(초등)
5,9791192504322,S000212157042,빨간내복야코 2,"15,000","13,500",10%,5%,750,빨간내복야코,샌드박스스토리,20240124,어린이(초등)
6,9791171249466,S000211872551,타키 포오 코믹 어드벤처 4,"14,500","13,050",10%,5%,720,캐릭온TV,대원키즈,20240110,어린이(초등)
7,9788934938224,S000211780014,흔한남매 과학 탐험대 0: 과학의 기초,"14,800","13,320",10%,5%,740,흔한남매,주니어김영사,20231228,어린이(초등)
8,9791168417984,S000212863478,에그박사 12,"14,500","13,050",10%,5%,720,에그박사,미래엔아이세움,20240322,어린이(초등)
9,9791168418905,S000214080733,흔한남매 흔한 게임 1,"15,800","14,220",10%,5%,790,흔한남매,미래엔아이세움,20240829,어린이(초등)
10,9791171173457,S000212054056,옐언니 1,"15,800","14,220",10%,5%,790,옐언니,아울북,20240124,어린이(초등)
11,9791171712267,S000213609893,놓지 마 과학! 19: 라면 먼저? 수프 먼저?,"14,000","12,600",10%,5%,700,신태훈 외,위즈덤하우스,20240626,어린이(초등)
12,9791172036669,S000212798263,타키 포오 얼렁뚱땅 상식스쿨 3,"14,000","12,600",10%,5%,700,캐릭온TV,대원키즈,20240328,어린이(초등)
13,9791130650135,S000212057609,Who? Special 킬리안 음바페,"15,000","13,500",10%,5%,750,김현수,다산어린이,20240130,어린이(초등)
14,9791168417656,S000211902247,흔한남매 수수께끼 어드벤처 4,"14,000","12,600",10%,5%,700,노지영,미래엔아이세움,20240109,어린이(초등)
15,9791193031452,S000212567620,설민석의 한국사 대모험 28,"13,000","11,700",10%,5%,650,설민석 외,단꿈아이,20240226,어린이(초등)
16,9791168417823,S000212658222,처음 읽는 그리스 로마 신화 11: 파리스의 선택,"13,500","12,150",10%,5%,670,최설희,미래엔아이세움,20240308,어린이(초등)
17,9791171174713,S000212736572,마법천자문 62: 앞으로를 서로 다짐하다! 약속,"15,800","14,220",10%,5%,790,스튜디오 훈훈,아울북,20240320,어린이(초등)
18,9791192488882,S000214016090,김켈리의 신비마트 1,"16,000","14,400",10%,5%,800,김켈리,베가북스,20240823,어린이(초등)
19,9791130692609,S000200075894,who? special 손흥민,"14,000","12,600",10%,5%,700,강진희,다산어린이,20221026,어린이(초등)
20,9791171712465,S000213920365,소맥거핀의 인체 친구들 1: 몸속 기관들의 대혼란,"14,800","13,320",10%,5%,740,소맥거핀,위즈덤하우스,20240731,어린이(초등)
21,9791169238618,S000211752712,뚜식이 4,"12,000","10,800",10%,5%,600,뚜식이,서울문화사,20231228,어린이(초등)
22,9791130660530,S000213566855,who? special 이강인,"15,000","13,500",10%,5%,750,이혜원,다산어린이,20240628,어린이(초등)
23,9791171712441,S000213920360,소맥거핀 일상 만화 1,"14,000","12,600",10%,5%,700,소맥거핀,위즈덤하우스,20240731,어린이(초등)
24,9791141144685,S000214106784,멜로우TV 1: 멜랑뚱땅 타워 탈출기,"16,800","15,120",10%,5%,840,멜로우TV 외,학산문화사,20240825,어린이(초등)
25,9791172456597,S000213660543,타키 포오 탐정 사무소 1: 프랑스 파리에 나타난 괴도 물음표,"14,500","13,050",10%,5%,720,캐릭온TV,대원키즈,20240627,어린이(초등)
26,9791130650937,S000212807706,별의 커비 푸푸푸 히어로 3: 푸푸푸랜드 최대의 사건!,"11,000","9,900",10%,5%,550,아오키 케이 외,다산어린이,20240329,어린이(초등)
27,9791168416864,S000211683917,환생학교 요괴반 2,"14,500","13,050",10%,5%,720,웃소,미래엔아이세움,20231221,어린이(초등)
28,9791169238113,S000208597635,여기는 루퐁이네: 귀염뽀짝 탐구 생활,"14,000","12,600",10%,5%,700,루퐁이,서울문화사,20230828,어린이(초등)
29,9791171722778,S000212232817,타키 포오의 이세계 여행사 5,"14,500","13,050",10%,5%,720,캐릭온TV,대원키즈,20240206,어린이(초등)
30,9791171174164,S000212575962,Go Go 카카오프렌즈 31: 네팔,"16,800","15,120",10%,5%,840,김미영,아울북,20240228,어린이(초등)
1,9788901276533,S000211352514,나는 메트로폴리탄 미술관의 경비원입니다(20만 부 기념 양장 에디션),"17,500","15,750",10%,5%,870,패트릭 브링리,웅진지식하우스,20231124,시/에세이
2,9788930041683,S000213451032,허송세월,"18,000","16,200",10%,5%,900,김훈,나남,20240620,시/에세이
3,9791197647666,S000200329012,기분이 태도가 되지 말자 (20만 부 기념 개정판),"17,000","15,300",10%,5%,850,김수현(훈글),하이스트,20221125,시/에세이
4,9791189352745,S000211654427,내가 한 말을 내가 오해하지 않기로 함,"19,800","17,820",10%,5%,990,문상훈,위너스북,20240105,시/에세이
5,9791188469994,S000001914848,당신은 결국 무엇이든 해내는 사람(특별 리커버 에디션),"17,000","15,300",10%,5%,850,김상현,필름(Feelm),20220420,시/에세이
6,9788976046529,S000212302920,삶을 견디는 기쁨(리커버:K),"16,800","15,120",10%,5%,840,헤르만 헤세,문예춘추사,20240228,시/에세이
7,9788901280684,S000212671852,찌그러져도 동그라미입니다,"17,800","16,020",10%,5%,890,김창완,웅진지식하우스,20240328,시/에세이
8,9791130648385,S000211346066,인생은 순간이다,"18,000","16,200",10%,5%,900,김성근,다산북스,20231115,시/에세이
9,9788956605593,S000000828225,불안(리커버:K),"18,000","16,200",10%,5%,900,알랭 드 보통,은행나무,20120104,시/에세이
10,9791193506394,S000212755870,"꽃길이 따로 있나, 내 삶이 꽃인 것을","16,800","15,120",10%,5%,840,오평선,포레스트북스,20240322,시/에세이
11,9791171174508,S000212704326,고층 입원실의 갱스터 할머니,"18,800","16,920",10%,5%,940,양유진,21세기북스,20240320,시/에세이
12,9791190382502,S000001939534,모든 것은 기본에서 시작한다(교보문고 단독 양장본),"16,000","14,400",10%,5%,800,손웅정,수오서재,20211015,시/에세이
13,9788933872352,S000211920054,사랑을 무게로 안 느끼게,"18,000","16,200",10%,5%,900,박완서,세계사,20240122,시/에세이
14,9791162145043,S000213913377,행복할 거야 이래도 되나 싶을 정도로,"18,000","16,200",10%,5%,900,일홍,부크럼,20240729,시/에세이
15,9788946422728,S000213094242,진짜 나를 찾아라,"18,000","16,200",10%,5%,900,법정,샘터(샘터사),20240430,시/에세이
16,9791171251179,S000212426406,나는 행복한 푸바오 할부지입니다,"18,000","16,200",10%,5%,900,강철원,시공사,20240225,시/에세이
17,9788970128337,S000001068777,달리기를 말할 때 내가 하고 싶은 이야기,"14,500","13,050",10%,5%,720,무라카미 하루키,문학사상,20161215,시/에세이
18,9788936811549,S000000616949,죽음의 수용소에서,"9,800","8,820",10%,5%,490,빅터 프랭클,청아출판사,20200530,시/에세이
19,9791193238172,S000211603439,내가 생각한 인생이 아니야,"18,000","16,200",10%,5%,900,류시화,수오서재,20231221,시/에세이
20,9791171253128,S000211929770,"푸바오, 언제나 사랑해","23,000","20,700",10%,5%,"1,150",에버랜드 동물원,시공주니어,20240115,시/에세이
21,9791169851053,S000214453032,어른의 행복은 조용하다,"17,800","16,020",10%,5%,890,태수,페이지2북스,20241104,시/에세이
22,9791192559742,S000203354065,좋은 일이 오려고 그러나 보다(10만부 기념 행운 에디션),"16,800","15,120",10%,5%,840,박여름,히읏,20230726,시/에세이
23,9791191114591,S000212972861,여행의 이유,"16,800","15,120",10%,5%,840,김영하,복복서가,20240417,시/에세이
24,9791193128640,S000211350160,사랑에 관한 거의 모든 기술,"16,800","15,120",10%,5%,840,김달,빅피시,20231207,시/에세이
25,9791198530394,S000212853500,내가 천 개의 인생에서 배운 것들,"18,000","16,200",10%,5%,900,김도윤,북로망스,20240417,시/에세이
26,9791171711581,S000212426112,파타(리커버:K),"22,000","19,800",10%,5%,"1,100",문가영,위즈덤하우스,20240306,시/에세이
27,9791198530301,S000211236187,하는 일마다 잘되리라,"18,000","16,200",10%,5%,900,전승환,북로망스,20231113,시/에세이
28,9791193262146,S000213175125,치즈덕이라서 좋아!(겨울에디션),"19,800","17,820",10%,5%,990,나봄,필름(Feelm),20240508,시/에세이
29,9791162143605,S000001807614,잘했고 잘하고 있고 잘 될 것이다(50만 부 기념),"18,000","16,200",10%,5%,900,정영욱,부크럼,20221028,시/에세이
30,9791193128909,S000212390835,때로는 간절함조차 아플 때가 있었다,"16,800","15,120",10%,5%,840,강지영,빅피시,20240307,시/에세이
1,9791192767116,S000212058462,디스 이즈 도쿄(2024~2025),"19,800","17,820",10%,5%,990,박설희 외,테라출판사(TERRA),20240201,여행
2,9791190073349,S000211402896,에이든 국내여행 가이드북(2024-2025),"26,500","23,850",10%,5%,"1,320",이정기 외,타블라라사,20231206,여행
3,9791192767123,S000212158254,디스 이즈 오사카(This is Osaka)(2024~2025),"19,800","17,820",10%,5%,990,호밀씨,테라출판사(TERRA),20240205,여행
4,9791193080252,S000212414885,리얼 도쿄(2024~2025),"21,000","18,900",10%,5%,"1,050",양미석,한빛라이프,20240226,여행
5,9791192767154,S000212674673,디스 이즈 이탈리아(2024~2025),"21,000","18,900",10%,5%,"1,050",전혜진 외,테라출판사(TERRA),20240315,여행
6,9791193080177,S000211779588,리얼 오사카(2024~2025),"18,800","16,920",10%,5%,940,황성민 외,한빛라이프,20240102,여행
7,9791193080382,S000213898074,리얼 후쿠오카(2024~2025),"17,000","15,300",10%,5%,850,원경혜,한빛라이프,20240729,여행
8,9791192767192,S000213221861,디스 이즈 스페인(This is Spain)(2024~2025),"21,000","18,900",10%,5%,"1,050",전혜진,테라출판사(TERRA),20240510,여행
9,9791192767178,S000212933433,디스 이즈 싱가포르(2024~2025),"19,800","17,820",10%,5%,990,이광훈,테라출판사(TERRA),20240410,여행
10,9791192767208,S000213284543,디스 이즈 파리(2024~2025),"20,000","18,000",10%,5%,"1,000",김민준 외,테라출판사(TERRA),20240517,여행
11,9791192767185,S000213078759,디스 이즈 홋카이도(This Is Hokkaido)(2024~2025),"19,800","17,820",10%,5%,990,권예나 외,테라출판사(TERRA),20240426,여행
12,9791191994278,S000212934714,마츠다 리스트,"22,000","19,800",10%,5%,"1,100",마츠다 아키히로,용감한 까치,20240415,여행
13,9788927880240,S000212218880,프렌즈 후쿠오카(2024~2025),"17,000","15,300",10%,5%,850,정꽃나래 외,중앙북스,20240212,여행
14,9791197880469,S000213627383,우리들의 발리 여행(2024~2025),"19,800","17,820",10%,5%,990,임현지,노트앤노트,20240710,여행
15,9791192767161,S000212778579,디스 이즈 타이완(2024~2025),"21,000","18,900",10%,5%,"1,050",신서희,테라출판사(TERRA),20240402,여행
16,9788927880059,S000210805114,프렌즈 스페인ㆍ포르투갈(2024~2025),"20,000","18,000",10%,5%,"1,000",박현숙,중앙북스,20231110,여행
17,9788927880653,S000214607507,프렌즈 뉴욕(2025~2026),"22,000","19,800",10%,5%,"1,100",이주은,중앙북스,20241111,여행
18,9791192767147,S000212674672,디스 이즈 스위스(2024~2025),"21,000","18,900",10%,5%,"1,050",심상은,테라출판사(TERRA),20240315,여행
19,9791198269461,S000211728623,팔로우 호주(2024-2025),"21,500","19,350",10%,5%,"1,070",제이민,트래블라이크,20231226,여행
20,9791193080184,S000212167441,리얼 오키나와(2024~2025),"18,000","16,200",10%,5%,900,전명윤,한빛라이프,20240130,여행
21,9791192767130,S000212302670,디스 이즈 미국 서부(2024~2025),"23,000","20,700",10%,5%,"1,150",제이민 외,테라출판사(TERRA),20240215,여행
22,9791193080290,S000212777564,리얼 호주(2024~2025),"22,000","19,800",10%,5%,"1,100",박선영,한빛라이프,20240328,여행
23,9791140709144,S000212997554,무작정 따라하기 도쿄(2024~2025),"19,800","17,820",10%,5%,990,정숙영,길벗,20240419,여행
24,9791192512693,S000212601672,일본 현지 간식 대백과,"18,000","16,200",10%,5%,900,일본 추억의 대백과 시리즈 편집부,클,20240320,여행
25,9788927813217,S000213747684,프렌즈 미국 동부(2024~2025),"23,000","20,700",10%,5%,"1,150",이주은 외,중앙북스,20240722,여행
26,9791193080269,S000212736368,리얼 타이베이(2024~2025),"19,800","17,820",10%,5%,990,김홍래,한빛라이프,20240322,여행
27,9791193080160,S000211775417,리얼 포르투갈(2024~2025),"19,000","17,100",10%,5%,950,우지경,한빛라이프,20240102,여행
28,9788927880370,S000213262356,프렌즈 미국 서부(2024~2025),"23,000","20,700",10%,5%,"1,150",이주은 외,중앙북스,20240503,여행
29,9791193080337,S000213663568,리얼 홍콩(2024~2025),"19,000","17,100",10%,5%,950,임요희 외,한빛라이프,20240627,여행
30,9791193080375,S000213845328,리얼 방콕(2024~2025),"19,000","17,100",10%,5%,950,배나영,한빛라이프,20240723,여행
1,9788934942467,S000201932024,총 균 쇠,"29,800","26,820",10%,5%,"1,490",재레드 다이아몬드,김영사,20230511,역사/문화
2,9791198243430,S000202678286,최소한의 한국사,"18,000","16,200",10%,5%,900,최태성,프런트페이지,20230621,역사/문화
3,9791193401217,S000213835377,"다시, 역사의 쓸모","18,000","16,200",10%,5%,900,최태성,프런트페이지,20240729,역사/문화
4,9791193128428,S000209045024,요즘 어른을 위한 최소한의 세계사,"18,800","16,920",10%,5%,940,임소미,빅피시,20230922,역사/문화
5,9791192519135,S000203096766,이주하는 인류,"19,000","17,100",10%,5%,950,샘 밀러,미래의창,20230720,역사/문화
6,9791164052547,S000213421258,세계를 움직인 열 가지 프레임,"20,000","18,000",10%,5%,"1,000",수바드라 다스,북하우스,20240607,역사/문화
7,9791167741370,S000212228209,"컬처, 문화로 쓴 세계사","22,000","19,800",10%,5%,"1,100",마틴 푸크너,어크로스,20240213,역사/문화
8,9791198593276,S000212721330,요즘 역사: 근대,"18,000","16,200",10%,5%,900,황현필,역바연,20240326,역사/문화
9,9791191438406,S000001951342,거꾸로 읽는 세계사,"17,500","15,750",10%,5%,870,유시민,돌베개,20211029,역사/문화
10,9791193506264,S000211753063,부의 세계사,"35,000","31,500",10%,5%,"1,750",윌리엄 번스타인,포레스트북스,20240115,역사/문화
11,9791130649252,S000211596245,효기심의 권력으로 읽는 세계사: 한중일 편,"22,000","19,800",10%,5%,"1,100",효기심,다산초당,20231205,역사/문화
12,9788936482756,S000000613008,박태균의 이슈 한국사,"15,000","13,500",10%,5%,750,박태균,창비,20150625,역사/문화
13,9791193401200,S000213835380,역사의 쓸모,"18,000","16,200",10%,5%,900,최태성,프런트페이지,20240729,역사/문화
14,9791170611080,S000212969552,벌거벗은 세계사: 권력자편,"23,000","20,700",10%,5%,"1,150",tvn<벌거벗은세계사>제작팀 외,교보문고,20240411,역사/문화
15,9791169850926,S000213859337,한국사는 없다,"22,000","19,800",10%,5%,"1,100",유성운,페이지2북스,20240805,역사/문화
16,9791170435488,S000213674028,역사를 보다,"23,000","20,700",10%,5%,"1,150",박현도 외,믹스커피,20240710,역사/문화
17,9791170610953,S000212432053,과학이 바꾼 전쟁의 역사,"16,800","15,120",10%,5%,840,박영욱,교보문고,20240228,역사/문화
18,9791193401095,S000212713745,벌거벗은 한국사: 조선편,"18,800","16,920",10%,5%,940,tvN STORY 〈벌거벗은 한국사〉 제작팀,프런트페이지,20240313,역사/문화
19,9791192836485,S000211507482,1945년 해방 직후사,"27,000","24,300",10%,5%,"1,350",정병준,돌베개,20231124,역사/문화
20,9791170871088,S000212757162,박시백의 고려사 5: 개혁의 실패와 망국으로의 길,"15,500","13,950",10%,5%,770,박시백,휴머니스트,20240325,역사/문화
21,9791159098161,S000061532612,벌거벗은 세계사: 전쟁편,"23,000","20,700",10%,5%,"1,150",tvn<벌거벗은세계사>제작팀,교보문고,20220727,역사/문화
22,9791193238196,S000211923454,뭉우리돌의 들녘,"22,000","19,800",10%,5%,"1,100",김동우,수오서재,20240119,역사/문화
23,9788936479381,S000202631732,아는 만큼 보인다,"22,000","19,800",10%,5%,"1,100",유홍준,창비,20230609,역사/문화
24,9791170610038,S000201745427,벌거벗은 세계사: 경제편,"23,000","20,700",10%,5%,"1,150",tvn<벌거벗은세계사>제작팀 외,교보문고,20230428,역사/문화
25,9791193128992,S000213585426,요즘 어른을 위한 최소한의 한국사,"18,800","16,920",10%,5%,940,임소미,빅피시,20240620,역사/문화
26,9791193128787,S000212675690,요즘 어른을 위한 최소한의 전쟁사,"18,800","16,920",10%,5%,940,김봉중,빅피시,20240320,역사/문화
27,9791193401057,S000211548402,벌거벗은 한국사: 영웅편,"18,800","16,920",10%,5%,940,tvN STORY 〈벌거벗은 한국사〉 제작팀,프런트페이지,20231204,역사/문화
28,9791190626279,S000212603249,인류의 세계사,"19,800","17,820",10%,5%,990,허버트 조지 웰스,이화북스,20240304,역사/문화
29,9791159095887,S000001775724,벌거벗은 세계사: 사건편,"23,000","20,700",10%,5%,"1,150",tvn<벌거벗은세계사>제작팀,교보문고,20220125,역사/문화
30,9791189328870,S000214176676,사라진 근대사 100장면 1: 몰락의 시대,"19,800","17,820",10%,5%,990,박종인,와이즈맵,20240915,역사/문화
1,9791168030817,S000213379570,선재 업고 튀어 대본집 세트,"50,000","45,000",10%,5%,"2,500",이시은,북로그컴퍼니,20240722,예술/대중문화
2,9791198340924,S000211563502,에디토리얼 씽킹,"20,000","18,000",10%,5%,"1,000",최혜진,터틀넥프레스,20231222,예술/대중문화
3,9791197831744,S000202934939,창조적 행위: 존재의 방식,"19,800","17,820",10%,5%,990,릭 루빈,코쿤북스,20230710,예술/대중문화
4,9788968331862,S000001056702,방구석 미술관,"16,800","15,120",10%,5%,840,조원재,블랙피쉬,20211221,예술/대중문화
5,9788956749327,S000212015930,인물 쉽게 그리는 방법,"20,000","18,000",10%,5%,"1,000",카와이 센세,정보문화사,20240130,예술/대중문화
6,9788947549417,S000212656507,"명화의 탄생, 그때 그 사람","21,000","18,900",10%,5%,"1,050",성수영,한경arte,20240307,예술/대중문화
7,9791190808781,S000213096551,바오패밀리 컬러링북,"21,000","18,900",10%,5%,"1,050",Kami25,라이카미(부즈펌),20240430,예술/대중문화
8,9788931471274,S000211692636,사막여우 소금이의 신비한 여행 컬러링북,"16,800","15,120",10%,5%,840,소금이,영진닷컴,20240105,예술/대중문화
9,9791157685271,S000061584728,자연스러운 인체 드로잉,"23,500","21,150",10%,5%,"1,170",소은 박경선,동양북스,20220812,예술/대중문화
10,9788931467635,S000200484381,사막여우 소금이의 따스한 사계절 컬러링북,"16,000","14,400",10%,5%,800,소금이(박은비),영진닷컴,20230105,예술/대중문화
11,9791193217085,S000211395936,그래서 우리는 음악을 듣는다,"20,000","18,000",10%,5%,"1,000",히사이시 조 외,현익출판,20231130,예술/대중문화
12,9788931588507,S000000562181,김락희의 인체 드로잉,"35,000","31,500",10%,5%,"1,750",김락희,성안당,20191126,예술/대중문화
13,9788979293807,S000208357738,미니 캐릭터 그리는 법,"24,000","21,600",10%,5%,"1,200",유메노우치 치하루,잉크잼,20230801,예술/대중문화
14,9791130653082,S000213447997,컬러의 세계,"19,800","17,820",10%,5%,990,찰스 브라메스코,오브제,20240529,예술/대중문화
15,9791191731279,S000061354027,그림 그리기가 이토록 쉬울 줄이야,"18,000","16,200",10%,5%,900,이기주,스몰빅라이프,20220718,예술/대중문화
16,9788930104272,S000000540412,다른 방식으로 보기(Ways of Seeing),"15,000","14,250",5%,1%,150,존 버거,열화당,20190601,예술/대중문화
17,9788972971252,S000212864530,픽사 스토리텔링,"17,000","15,300",10%,5%,850,딘 모브쇼비츠,동녘,20240410,예술/대중문화
18,9791197828508,S000061404353,서양미술사,"53,000","47,700",10%,1%,530,E. H. 곰브리치,예경,20170530,예술/대중문화
19,9791197195662,S000001984796,사계절 컬러링북,"16,000","14,400",10%,5%,800,초록담쟁이,도트북,20210825,예술/대중문화
20,9791169250719,S000061585531,춘식이는 고양이 컬러링북,"14,000","12,600",10%,5%,700,미호 편집부,미호,20220801,예술/대중문화
21,9788970593029,S000001078403,디자인의 디자인,"15,000","13,500",10%,5%,750,하라 켄야,안그라픽스,20070227,예술/대중문화
22,9791196702656,S000001979529,손그림 메이커,"25,000","22,500",10%,5%,"1,250",폼피츠 외,네오아카데미,20200508,예술/대중문화
23,9788979293975,S000212166405,서사가 전해지는 그림 연출법,"24,000","21,600",10%,5%,"1,200",가토 오스왈도,잉크잼,20240201,예술/대중문화
24,9791190266055,S000211737950,루브르에서 쇼팽을 듣다,"22,000","19,800",10%,5%,"1,100",안인모,지식서재,20240108,예술/대중문화
25,9791191937336,S000210530663,사계절을 그리다,"16,500","14,850",10%,5%,820,조정은,이덴슬리벨,20231020,예술/대중문화
26,9788968332845,S000001056753,방구석 미술관 2: 한국,"18,500","16,650",10%,5%,920,조원재,블랙피쉬,20211221,예술/대중문화
27,9791163988199,S000001824517,포인트 캐릭터 드로잉 세트,"28,000","25,200",10%,5%,"1,400",타코,레진엔터테인먼트,20210930,예술/대중문화
28,9791192097770,S000212807112,이야기 미술관,"20,000","18,000",10%,5%,"1,000",이창용,웨일북(whalebooks),20240405,예술/대중문화
29,9788979293555,S000061403886,카콜의 어반 스케치 기초,"22,000","19,800",10%,5%,"1,100",카콜(임세환),EJONG,20220707,예술/대중문화
30,9788932474755,S000061448959,헤어질 결심 각본,"15,000","13,500",10%,5%,750,정서경 외,을유문화사,20220805,예술/대중문화
1,9791130646381,S000211513068,이처럼 사소한 것들,"13,800","12,420",10%,5%,690,클레어 키건,다산책방,20231127,소설
2,9791170611561,S000213800371,당신이 누군가를 죽였다,"19,800","17,820",10%,5%,990,히가시노 게이고,북다,20240723,소설
3,9788952776372,S000000733954,리틀 라이프 1,"14,800","13,320",10%,5%,740,한야 야나기하라,시공사,20160616,소설
4,9788954442695,S000000776062,삼체 1: 삼체문제,"17,000","15,300",10%,5%,850,류츠신,자음과모음,20220215,소설
5,9788937461033,S000000620240,인간 실격,"9,000","8,100",10%,5%,450,다자이 오사무,민음사,20120410,소설
6,9788937460449,S000000620181,데미안,"8,000","7,200",10%,5%,400,헤르만 헤세,민음사,20090120,소설
7,9791130698199,S000201621680,맡겨진 소녀,"13,000","11,700",10%,5%,650,클레어 키건,다산책방,20230421,소설
8,9788937460586,S000000620195,싯다르타,"8,000","7,200",10%,5%,400,헤르만 헤세,민음사,20020120,소설
9,9791130649672,S000211833232,흐르는 강물처럼,"17,000","15,300",10%,5%,850,셸리 리드,다산책방,20240108,소설
10,9791191043754,S000061353833,세상의 마지막 기차역(리커버 에디션),"14,000","12,600",10%,5%,700,무라세 다케시,모모,20220509,소설
11,9788937434488,S000000619590,노르웨이의 숲,"17,000","15,300",10%,5%,850,무라카미 하루키,민음사,20170807,소설
12,9791192579504,S000201370169,바다가 들리는 편의점,"16,000","14,400",10%,5%,800,마치다 소노코,모모,20230324,소설
13,9788954699075,S000208719388,도시와 그 불확실한 벽,"19,500","17,550",10%,5%,970,무라카미 하루키,문학동네,20230906,소설
14,9788937443848,S000000619973,이방인,"10,000","9,000",10%,5%,500,알베르 카뮈,민음사,20190902,소설
15,9791130642574,S000202529809,작은 땅의 야수들(리커버 무선판),"18,000","16,200",10%,5%,900,김주혜,다산책방,20230619,소설
16,9788937462146,S000000620351,면도날,"13,000","11,700",10%,5%,650,서머싯 몸,민음사,20090630,소설
17,9791168340510,S000061450857,파친코 1,"15,800","14,220",10%,5%,790,이민진,인플루엔셜,20220805,소설
18,9791193262184,S000213540050,아이가 없는 집,"18,000","16,200",10%,5%,900,알렉스 안도릴,필름(Feelm),20240612,소설
19,9788937437564,S000000619722,참을 수 없는 존재의 가벼움,"17,000","15,300",10%,5%,850,밀란 쿤데라,민음사,20180620,소설
20,9791193358245,S000211548424,말하고 싶은 비밀,"16,800","15,120",10%,5%,840,사쿠라 이이요,모모,20231208,소설
21,9788986836837,S000200205332,왜 나는 너를 사랑하는가(70만 부 기념 리커버),"14,000","12,600",10%,5%,700,알랭 드 보통,청미래,20221110,소설
22,9791191043297,S000001947482,"오늘 밤, 세계에서 이 사랑이 사라진다 해도","14,000","12,600",10%,5%,700,이치조 미사키,모모,20210628,소설
23,9788954691673,S000201077978,트러스트,"17,000","15,300",10%,5%,850,에르난 디아스,문학동네,20230224,소설
24,9788937461798,S000000620316,브람스를 좋아하세요,"8,500","7,650",10%,5%,420,프랑수아즈 사강,민음사,20080502,소설
25,9788925588735,S000000479333,프로젝트 헤일메리,"22,000","19,800",10%,5%,"1,100",앤디 위어,알에이치코리아,20210504,소설
26,9788937460777,S000000620214,1984,"11,000","9,900",10%,5%,550,조지 오웰,민음사,20070330,소설
27,9788990982704,S000001461135,용의자 X의 헌신,"18,800","16,920",10%,5%,940,히가시노 게이고,재인,20170830,소설
28,9788937460050,S000000620142,동물농장,"8,000","7,200",10%,5%,400,조지 오웰,민음사,20090107,소설
29,9791158887544,S000001772370,듄 1(DUNE),"30,000","27,000",10%,5%,"1,500",프랭크 허버트,황금가지,20210121,소설
30,9788925575360,S000212576310,블랙 쇼맨과 운명의 바퀴,"19,800","17,820",10%,5%,990,히가시노 게이고,알에이치코리아,20240302,소설
1,9788901281797,S000212997383,빨모쌤의 라이브 영어회화,"22,000","19,800",10%,5%,"1,100",신용하,웅진지식하우스,20240729,외국어
2,9788965424215,S000001020289,해커스 일본어 첫걸음: 기초20일 독학 완성!,"13,900","12,510",10%,5%,690,해커스 일본어연구소,해커스어학연구소,20240507,외국어
3,9791166835599,S000201551325,영어필사 100일의 기적,"18,000","16,200",10%,5%,900,퍼포먼스 코치 리아,넥서스,20230425,외국어
4,9791192389172,S000202970263,김재우의 영어회화 100,"22,000","19,800",10%,5%,"1,100",김재우,상상스퀘어,20230705,외국어
5,9788940293980,S000212686783,착! 붙는 일본어 독학 첫걸음,"16,800","15,120",10%,5%,840,일본어 공부기술연구소,시사일본어사,20240325,외국어
6,9791165219956,S000061550137,일본어 무작정 따라하기(완전판),"26,000","23,400",10%,5%,"1,300",후지이 아사리,길벗이지톡,20220805,외국어
7,9791137910539,S000202406853,10일 만에 끝내는 해커스 OPIc 오픽 Advanced 공략,"25,000","22,500",10%,5%,"1,250",해커스 오픽연구소,해커스,20231023,외국어
8,9788965422778,S000001020218,여행영어 10분의 기적,"9,800","8,820",10%,5%,490,해커스어학연구소,해커스어학연구소,20230313,외국어
9,9791198002907,S000200295066,키위엔 영어회화 하루 5분의 기적,"19,500","17,550",10%,5%,970,박강준,키위엔,20221205,외국어
10,9788965422907,S000001020226,해커스 여행 일본어 10분의 기적,"9,800","8,820",10%,5%,490,해커스 일본어연구소,해커스어학연구소,20240415,외국어
11,9791140702503,S000200548490,영어회화 핵심패턴 233,"18,000","16,200",10%,5%,900,백선엽,길벗이지톡,20230115,외국어
12,9791166836626,S000211352609,성공하는 리더들의 영어 필사 100일의 기적,"17,000","15,300",10%,5%,850,퍼포먼스 코치 제이 외,넥서스,20231125,외국어
13,9791161507965,S000211625587,기적의 말하기 영단어 1000,"9,000","8,100",10%,5%,450,이시원,시원스쿨닷컴,20231215,외국어
14,9791171010875,S000213799586,영어로 문장 만들기 훈련 1차 임계점,"22,000","19,800",10%,5%,"1,100",유은하,사람in,20240715,외국어
15,9791140702978,S000200774609,일본어 문법 무작정 따라하기,"26,000","23,400",10%,5%,"1,300",후지이 아사리,길벗이지톡,20230214,외국어
16,9791137910522,S000208578134,10일 만에 끝내는 해커스 OPIc 오픽 START: Intermediate 공략,"25,000","22,500",10%,5%,"1,250",해커스 오픽연구소,해커스,20240902,외국어
17,9791166833045,S000200415813,나혼자 끝내는 독학 일본어 첫걸음,"15,000","13,500",10%,5%,750,넥서스콘텐츠개발팀,넥서스JAPANESE,20230103,외국어
18,9788962819038,S000209352142,오픽노잼,"26,000","23,400",10%,5%,"1,300",오픽노잼(Sam Park),파고다북스,20230922,외국어
19,9791140703050,S000200774619,일본어 상용한자 무작정 따라하기 1,"26,000","23,400",10%,5%,"1,300",권경배,길벗이지톡,20230130,외국어
20,9788927712183,S000000525123,일본어 잘하고 싶을 땐 다락원 독학 첫걸음,"15,000","13,500",10%,5%,750,정의상,다락원,20190304,외국어
21,9791166831515,S000001848009,영어 필사 100일의 기적,"15,000","13,500",10%,5%,750,퍼포먼스 코치 리아,넥서스,20211110,외국어
22,9788965422921,S000001020227,그래머 게이트웨이 베이직: 초보를 위한 기초 영문법(Grammar Gateway Basic),"14,900","13,410",10%,5%,740,David Cho,해커스어학연구소,20230206,외국어
23,9788960499751,S000200104601,거의 모든 일상 표현의 영어,"20,000","18,000",10%,5%,"1,000",케빈 강 외,사람in,20221026,외국어
24,9791192389998,S000214053667,김재우의 구동사 100,"25,000","22,500",10%,5%,"1,250",김재우,상상스퀘어,20240826,외국어
25,9791166833557,S000061695372,영어회화 100일의 기적,"14,000","12,600",10%,5%,700,문성현,넥서스,20220905,외국어
26,9791198002914,S000210810762,키위엔 영어표현 하루 5분의 기적: 실전 대화 완성편,"21,000","18,900",10%,5%,"1,050",박강준,키위엔,20231108,외국어
27,9788965422945,S000001020229,해커스 구문독해 100: 100개 필수구문으로 영어 직독직해,"16,900","15,210",10%,5%,840,해커스 어학연구소,해커스어학연구소,20231204,외국어
28,9788965422709,S000001020212,왕초보 영어회화 10분의 기적: 기초패턴으로 말하기,"11,900","10,710",10%,5%,590,해커스어학연구소,해커스어학연구소,20230417,외국어
29,9788994553092,S000001551366,보카바이블 4.0 세트,"32,000","28,800",10%,5%,"1,600",허민,스텝업,20180612,외국어
30,9791171010523,S000212052983,거의 모든 묘사 표현의 영어,"22,000","19,800",10%,5%,"1,100",최주연,사람in,20240126,외국어
1,9791195795529,S000001967752,삐뽀삐뽀 119 이유식,"18,900","17,010",10%,5%,940,하정훈,유니책방,20171201,요리
2,9791188601387,S000001916557,오늘은 아무래도 덮밥,"4,300","3,870",10%,5%,210,이마이 료,참돌,20200612,요리
3,9788934980599,S000000597566,밥을 지어요,"17,800","16,020",10%,5%,890,김혜경,김영사,20180209,요리
4,9791192512419,S000208431435,최강록의 요리 노트,"16,800","15,120",10%,5%,840,최강록,클,20230814,요리
5,9791168222724,S000212576919,뿐이 토핑 이유식,"29,800","26,820",10%,5%,"1,490",정주희,서사원,20240226,요리
6,9791130653044,S000213326414,홀썸의 집밥 예찬,"25,000","22,500",10%,5%,"1,250",홀썸모먼트,다산라이프,20240521,요리
7,9791164380381,S000001827526,백종원이 추천하는 집밥 메뉴(애장판),"32,000","28,800",10%,5%,"1,600",백종원,서울문화사,20200807,요리
8,9788931455625,S000000554988,더 푸드 랩(The Food Lab),"55,000","49,500",10%,5%,"2,750",J. Kenji Lopez-Alt,영진닷컴,20170628,요리
9,9791188601233,S000001916547,오늘의 일인분 일식,"4,300","3,870",10%,5%,210,베터홈 협회,참돌,20190617,요리
10,9791129710895,S000209352471,초간단 집밥 다이어트 레시피,"19,000","17,100",10%,5%,950,겨울딸기 강지현,메가스터디북스,20231005,요리
11,9791192445328,S000201598058,한 끼 뚝딱! 맘 편한 토핑 이유식,"21,000","18,900",10%,5%,"1,050",율마(오애진),온더페이지,20230503,요리
12,9788969525390,S000201507097,김대석 셰프의 집밥 레시피,"18,000","16,200",10%,5%,900,김대석,경향BP,20230426,요리
13,9791195616169,S000001965106,아이주도 이유식 유아식 매뉴얼 세트,"23,500","21,150",10%,5%,"1,170",BLW 연구소,아퍼블리싱,20210831,요리
14,9791190118613,S000211500706,생선 바이블,"35,000","31,500",10%,5%,"1,750",김지민,북커스,20231215,요리
15,9791140702251,S000200394092,365일 반찬 걱정 없는 책,"27,000","24,300",10%,5%,"1,350",송혜영(욜로리아),길벗,20221209,요리
16,9788969525888,S000213640873,김대석 셰프의 집밥 레시피 2,"18,000","16,200",10%,5%,900,김대석,경향BP,20240703,요리
17,9791158464073,S000211737960,맛있는 지중해식 레시피,"19,000","17,100",10%,5%,950,김형미 외,비타북스,20231229,요리
18,9791156162124,S000001735572,샐러드에 반하다,"16,000","14,400",10%,5%,800,장연정,리스컴,20210518,요리
19,9791198129161,S000202800489,채소 식탁,"19,000","17,100",10%,5%,950,김경민,래디시,20230719,요리
20,9791196533007,S000001977607,튼이 이유식,"22,000","19,800",10%,5%,"1,100",정주희,서사원,20190103,요리
21,9791191994308,S000213906626,셰프의 가벼운 레스토랑,"21,000","18,900",10%,5%,"1,050",송사월,용감한 까치,20240730,요리
22,9791198129130,S000201245159,안밥모 베스트 유아식,"22,200","19,980",10%,5%,"1,110",이샘 외,래디시,20230324,요리
23,9791161341217,S000061695095,베이킹은 과학이다: 제빵편,"26,000","23,400",10%,5%,"1,300",카지하라 요시하루 외,터닝포인트,20220926,요리
24,9791161340098,S000001800610,베이킹은 과학이다,"23,000","20,700",10%,5%,"1,150",나카야마 히로노리 외,터닝포인트,20171110,요리
25,9791160079814,S000211497016,카페 샌드위치 마스터 클래스,"24,000","21,600",10%,5%,"1,200",노정희,한스미디어,20231127,요리
26,9788957752937,S000061351003,참 쉬운  평생 반찬 요리책,"22,000","19,800",10%,5%,"1,100",노고은 외,아마존북스,20220607,요리
27,9788931461794,S000000555409,와인 폴리(매그넘 에디션),"30,000","27,000",10%,5%,"1,500",Madeline Puckette 외,영진닷컴,20200106,요리
28,9791161508108,S000212166601,10분 완성 초간단 도시락 레시피 100,"17,800","16,020",10%,5%,890,오민주,시원북스,20240206,요리
29,9791140704668,S000202678619,1분 요리 뚝딱이형,"22,000","19,800",10%,5%,"1,100",뚝딱이형,길벗,20230622,요리
30,9791186519905,S000214094381,구움과자의 기술,"33,000","29,700",10%,5%,"1,650",정용현 외,비앤씨월드,20240828,요리
1,9791198610607,S000212754154,알사탕 제조법,"10,000","9,000",10%,5%,500,백희나,스토리보울,20240321,유아(0~7세)
2,9791171180219,S000213492719,디즈니 픽사 인사이드 아웃 2 무비동화,"12,000","10,800",10%,5%,600,에린 팰리갠트,애플비북스,20240615,유아(0~7세)
3,9788966351985,S000212771015,늪 100층짜리 집,"15,000","13,500",10%,5%,750,이와이 도시오,북뱅크,20240503,유아(0~7세)
4,9791193506332,S000212302880,무례한 친구가 생겼어요,"16,700","15,030",10%,5%,830,크리스티나 퍼니발,리틀포레스트,20240221,유아(0~7세)
5,9791198610614,S000212754158,알사탕,"15,000","13,500",10%,5%,750,백희나,스토리보울,20240321,유아(0~7세)
6,9791158364519,S000212461447,감정 호텔,"15,000","13,500",10%,5%,750,리디아 브란코비치,책읽는곰,20240223,유아(0~7세)
7,9788966350278,S000001034384,바다 100층짜리 집,"11,000","9,900",10%,5%,550,이와이 도시오,북뱅크,20140925,유아(0~7세)
8,9791165383763,S000211731131,새콤달콤 캐치! 티니핑 마음이 빛나는 동화 1: 사라진 매직 슈가볼,"13,000","11,700",10%,5%,650,SAMG,아이휴먼,20231226,유아(0~7세)
9,9788964963678,S000001013760,오싹오싹 팬티!,"14,000","12,600",10%,5%,700,에런 레이놀즈,토토북,20230515,유아(0~7세)
10,9791158364083,S000201975438,오싹오싹 편의점,"14,000","12,600",10%,5%,700,김영진,책읽는곰,20230522,유아(0~7세)
11,9788926212660,S000202672966,디즈니 픽사 엘리멘탈 무비동화,"12,000","10,800",10%,5%,600,이지안,애플비북스,20230615,유아(0~7세)
12,9788936446819,S000000611323,수박 수영장,"14,000","12,600",10%,5%,700,안녕달,창비,20230112,유아(0~7세)
13,9788964964767,S000061694428,오싹오싹 크레용!,"14,000","12,600",10%,5%,700,에런 레이놀즈,토토북,20220823,유아(0~7세)
14,9791198610621,S000212911182,장수탕 선녀님,"15,000","13,500",10%,5%,750,백희나,스토리보울,20240404,유아(0~7세)
15,9788926212707,S000211808899,디즈니 위시 무비동화,"12,000","10,800",10%,5%,600,수잔 프랜시스,애플비,20240105,유아(0~7세)
16,9791169812085,S000213675080,츠츠츠츠,"16,800","15,120",10%,5%,840,이지은,사계절,20240702,유아(0~7세)
17,9788961708531,S000000954960,사랑해 사랑해 사랑해(출간 15주년 기념판),"12,800","11,520",10%,5%,640,버나뎃 로제티 슈스탁,보물창고,20211230,유아(0~7세)
18,9788959761593,S000000909143,바다 탐험대 옥토넛: 깊고 넓은 신비한 바다 여행,"13,500","12,150",10%,5%,670,메오미,문학수첩리틀북,20140627,유아(0~7세)
19,9791158363925,S000200645174,네 기분은 어떤 색깔이니?,"14,000","12,600",10%,5%,700,최숙희,책읽는곰,20230109,유아(0~7세)
20,9788943306090,S000000672020,사과가 쿵!,"11,000","9,900",10%,5%,550,다다 히로시,보림,20090620,유아(0~7세)
21,9788936429232,S000213057392,당근 할머니,"14,000","12,600",10%,5%,700,안녕달,창비,20240503,유아(0~7세)
22,9788925577340,S000200616350,오싹 오싹 당근!,"17,000","15,300",10%,5%,850,애런 레이놀즈,주니어RHK,20230110,유아(0~7세)
23,9788966350759,S000001034425,하늘 100층짜리 집,"12,000","10,800",10%,5%,600,이와이 도시오,북뱅크,20171225,유아(0~7세)
24,9791192655468,S000210865984,호박 목욕탕,"16,700","15,030",10%,5%,830,시바타 케이코,위즈덤하우스,20231103,유아(0~7세)
25,9788949108308,S000201245607,오늘도 너를 사랑해,"13,000","11,700",10%,5%,650,이누이 사에코,비룡소,20230310,유아(0~7세)
26,9791170283836,S000001858570,구름빵,"13,000","11,700",10%,5%,650,백희나,한솔수북,20191205,유아(0~7세)
27,9791189922535,S000213105640,진짜 진짜 행복해,"14,000","12,600",10%,5%,700,애나벨 세구라 란츠,오렌지연필,20240503,유아(0~7세)
28,9791197494222,S000001986933,감정에 이름을 붙여 봐,"14,000","12,600",10%,5%,700,이라일라,파스텔하우스,20220124,유아(0~7세)
29,9788901281728,S000213086770,별 조각 상점,"17,000","15,300",10%,5%,850,토마쓰리,웅진주니어,20240426,유아(0~7세)
30,9788901277158,S000211503894,친구의 전설,"16,800","15,120",10%,5%,840,이지은,웅진주니어,20231115,유아(0~7세)
1,9791192300818,S000208779631,마흔에 읽는 쇼펜하우어,"17,000","15,300",10%,5%,850,강용수,유노북스,20230907,인문
2,9791171711673,S000212753904,하루 한 장 나의 어휘력을 위한 필사 노트,"23,800","21,420",10%,5%,"1,190",유선경,위즈덤하우스,20241023,인문
3,9791167740984,S000201621022,도둑맞은 집중력,"18,800","16,920",10%,5%,940,요한 하리,어크로스,20230428,인문
4,9791193282045,S000212414274,쇼펜하우어 인생수업: 한 번뿐인 삶 이렇게 살아라(리커버 에디션),"17,500","15,750",10%,5%,870,쇼펜하우어,하이스트,20240220,인문
5,9791193506516,S000213310247,초역 부처의 말,"17,800","16,020",10%,5%,890,코이케 류노스케,포레스트북스,20240530,인문
6,9791190538602,S000208995869,생각이 너무 많은 어른들을 위한 심리학(20만 부 기념 리커버 에디션),"17,800","16,020",10%,5%,890,김혜남,메이븐,20230925,인문
7,9791191369540,S000212731700,왜 당신은 다른 사람을 위해 살고 있는가,"14,000","12,600",10%,5%,700,고윤(페이서스 코리아),딥앤와이드,20240315,인문
8,9791169850445,S000210410749,남에게 보여주려고 인생을 낭비하지 마라,"17,500","15,750",10%,5%,870,쇼펜하우어,페이지2북스,20231030,인문
9,9791192625553,S000202652825,쇼펜하우어 아포리즘: 당신의 인생이 왜 힘들지 않아야 한다고 생각하십니까,"17,500","15,750",10%,5%,870,아르투어 쇼펜하우어,포레스트북스,20230621,인문
10,9791194330424,S000214465905,넥서스,"27,800","25,020",10%,5%,"1,390",유발 하라리,김영사,20241011,인문
11,9791198530356,S000212478991,무엇이 나를 행복하게 만드는가,"19,800","17,820",10%,5%,990,리처드 J. 라이더 외,북플레저,20240304,인문
12,9788934972464,S000000597165,사피엔스,"26,800","24,120",10%,5%,"1,340",유발 하라리,김영사,20230401,인문
13,9791193937112,S000213494514,만일 나에게 단 한 번의 아침이 남아 있다면,"19,800","17,820",10%,5%,990,존 릴런드,북모먼트,20240626,인문
14,9791190313186,S000001938774,지적 대화를 위한 넓고 얕은 지식 1,"19,000","17,100",10%,5%,950,채사장,웨일북(whalebooks),20200205,인문
15,9791198704504,S000212778989,삶이 흔들릴 때 뇌과학을 읽습니다,"18,000","16,200",10%,5%,900,이케가야 유지,힉스,20240327,인문
16,9788965965046,S000001029426,도파민네이션,"18,000","16,200",10%,5%,900,애나 렘키,흐름출판,20220321,인문
17,9788901285894,S000213913660,불안 세대,"24,800","22,320",10%,5%,"1,240",조너선 하이트,웅진지식하우스,20240731,인문
18,9788901280776,S000212798435,사람을 안다는 것,"20,000","18,000",10%,5%,"1,000",데이비드 브룩스,웅진지식하우스,20240401,인문
19,9791192300917,S000210694912,오십에 읽는 주역,"17,000","15,300",10%,5%,850,강기진,유노북스,20231031,인문
20,9791193282069,S000212773396,니체 인생수업: 니체가 세상에 남긴 66가지 인생지혜(리커버 에디션),"17,500","15,750",10%,5%,870,프리드리히 니체,하이스트,20240322,인문
21,9788931011623,S000000549237,사랑의 기술,"17,000","15,300",10%,5%,850,에리히 프롬,문예출판사,20190901,인문
22,9791168341746,S000212430831,물질의 세계,"29,800","26,820",10%,5%,"1,490",에드 콘웨이,인플루엔셜,20240308,인문
23,9791193282113,S000213383086,석가모니 인생수업: 석가모니가 세상에 남긴 삶의 지혜,"17,500","15,750",10%,5%,870,석가모니,하이스트,20240524,인문
24,9791168340855,S000201078049,내면소통,"33,000","29,700",10%,5%,"1,650",김주환,인플루엔셜,20230227,인문
25,9791192953151,S000209670832,세상은 이야기로 만들어졌다,"27,000","24,300",10%,5%,"1,350",자미라 엘 우아실 외,원더박스,20231016,인문
26,9791171175864,S000213326678,행복의 기원,"22,000","19,800",10%,5%,"1,100",서은국,21세기북스,20240522,인문
27,9791189922450,S000211646617,잠들기 전에 읽는 쇼펜하우어,"17,000","15,300",10%,5%,850,예저우,오렌지연필,20231222,인문
28,9788934950196,S000213219059,숙론,"18,000","16,200",10%,5%,900,최재천,김영사,20240510,인문
29,9791190776752,S000001943655,3분 철학 1: 서양 고대 철학편,"16,000","14,400",10%,5%,800,김재훈,카시오페아,20210702,인문
30,9788937834790,S000000625441,정의란 무엇인가,"18,000","16,200",10%,5%,900,마이클 샌델,와이즈베리,20141120,인문
1,9791168473690,S000200746091,세이노의 가르침(올블랙 유광 에디션),"7,200","6,480",10%,5%,360,세이노(SayNo),데이원,20230302,자기계발
2,9791198682505,S000212647841,나를 소모하지 않는 현명한 태도에 관하여,"17,800","16,020",10%,5%,890,마티아스 뇔케,퍼스트펭귄,20240310,자기계발
3,9791192389325,S000208718100,퓨처 셀프,"19,800","17,820",10%,5%,990,벤저민 하디,상상스퀘어,20230830,자기계발
4,9791187142560,S000001897788,데일 카네기 인간관계론(50만부 돌파 초판 무삭제 완역본),"11,500","10,350",10%,5%,570,데일 카네기,현대지성,20191007,자기계발
5,9791193262122,S000212731482,일류의 조건,"19,800","17,820",10%,5%,990,사이토 다카시,필름(Feelm),20240320,자기계발
6,9791193939130,S000214054358,고전이 답했다 마땅히 살아야 할 삶에 대하여,"16,800","15,120",10%,5%,840,고명환,라곰,20240826,자기계발
7,9788997575169,S000001619177,원씽(The One Thing)(60만 부 기념 스페셜 에디션),"16,800","15,120",10%,5%,840,게리 켈러 외,비즈니스북스,20130830,자기계발
8,9788901272580,S000202340164,역행자(확장판),"19,500","17,550",10%,5%,970,자청,웅진지식하우스,20230529,자기계발
9,9791191280333,S000001949990,데일 카네기 자기관리론(국내최초 초판 무삭제 완역본),"11,500","10,350",10%,5%,570,데일 카네기,현대지성,20210113,자기계발
10,9791191859836,S000213024625,나는 읽고 쓰고 버린다,"17,000","15,300",10%,1%,170,손웅정,난다,20240420,자기계발
11,9791158512859,S000212263758,나는 나의 스무 살을 가장 존중한다,"18,000","16,200",10%,5%,900,이하영,토네이도,20240228,자기계발
12,9791158510619,S000001767887,타이탄의 도구들,"18,000","16,200",10%,5%,900,팀 페리스,토네이도,20240224,자기계발
13,9791191214185,S000001949259,결국 해내는 사람들의 원칙,"18,000","16,200",10%,5%,900,앨런 피즈 외,반니,20201214,자기계발
14,9791162540640,S000001813652,아주 작은 습관의 힘,"16,000","14,400",10%,5%,800,제임스 클리어,비즈니스북스,20190226,자기계발
15,9791192389776,S000212716871,강인함의 힘,"22,000","19,800",10%,5%,"1,100",스티브 매그니스,상상스퀘어,20240327,자기계발
16,9791169850179,S000201245518,아주 세속적인 지혜,"13,500","12,150",10%,5%,670,발타자르 그라시안,페이지2북스,20230324,자기계발
17,9791193937136,S000213668980,나는 도대체 왜 피곤할까,"19,800","17,820",10%,5%,990,에이미 샤,북플레저,20240710,자기계발
18,9791191891492,S000211925133,똑똑한 사람은 어떻게 생각하고 질문하는가,"19,800","17,820",10%,5%,990,이시한,북플레저,20240124,자기계발
19,9791193904046,S000213219062,말하지 않으면 인생은 바뀌지 않는다,"20,000","18,000",10%,5%,"1,000",샘 혼,서삼독,20240516,자기계발
20,9791193506844,S000214299995,생각의 연금술,"19,800","17,820",10%,5%,990,제임스 알렌 외,포레스트북스,20240925,자기계발
21,9791162540633,S000001813651,그릿(50만부 판매 기념 리커버 골드에디션),"18,000","16,200",10%,5%,900,앤절라 더크워스,비즈니스북스,20221219,자기계발
22,9791164459667,S000213900397,데일 카네기 인간관계론(무삭제 최신 완역본),"11,000","9,900",10%,5%,550,데일 카네기,더스토리,20240816,자기계발
23,9791198517401,S000211213645,당신이 생각하는 모든 것을 믿지 말라,"18,000","16,200",10%,5%,900,조세프 응우옌,서삼독,20231122,자기계발
24,9791189938772,S000001933356,회복탄력성(15만부 기념 리커버),"14,800","13,320",10%,5%,740,김주환,위즈덤하우스,20190329,자기계발
25,9791190299800,S000210614176,대화의 정석,"18,500","16,650",10%,5%,920,정흥수,피카(FIKA),20231101,자기계발
26,9791193937143,S000213799640,호감의 시작(트윙클 에디션),"18,500","16,650",10%,5%,920,희렌최,북로망스,20240723,자기계발
27,9788901276571,S000210830482,더 마인드(10만부 기념 코멘터리 북),"19,800","17,820",10%,5%,990,하와이 대저택,웅진지식하우스,20231125,자기계발
28,9791158511586,S000001767935,우리는 모두 죽는다는 것을 기억하라,"17,000","15,300",10%,5%,850,웨인 다이어,토네이도,20191118,자기계발
29,9788947549363,S000211914718,히든 포텐셜,"22,000","19,800",10%,5%,"1,100",애덤 그랜트,한국경제신문,20240125,자기계발
30,9788950994518,S000000711324,프레임,"22,000","19,800",10%,5%,"1,100",최인철,21세기북스,20210302,자기계발
1,9788965138068,S000213543997,그의 운명에 대한  아주 개인적인 생각,"16,800","15,120",10%,5%,840,유시민,생각의길,20240619,정치/사회
2,9788927812517,S000212021076,박근혜 회고록 1: 어둠을 지나 미래로,"25,000","22,500",10%,5%,"1,250",박근혜,중앙북스,20240205,정치/사회
3,9791164846610,S000212306993,초고령사회 일본이 사는 법,"18,000","16,200",10%,5%,900,김웅철,매일경제신문사,20250403,정치/사회
4,9788993178692,S000001519705,지리의 힘,"20,000","18,000",10%,5%,"1,000",팀 마샬,사이,20160810,정치/사회
5,9788934935759,S000213226160,변방에서 중심으로,"33,000","29,700",10%,5%,"1,650",문재인,김영사,20240518,정치/사회
6,9791167741509,S000213228336,어떻게 극단적 소수가 다수를 지배하는가,"22,000","19,800",10%,5%,"1,100",스티븐 레비츠키 외,어크로스,20240521,정치/사회
7,9788993178302,S000213854885,지도로 보아야 보인다,"29,800","26,820",10%,5%,"1,490",에밀리 오브리 외,사이,20240730,정치/사회
8,9791193528013,S000211596941,우리는 미국을 모른다,"20,000","18,000",10%,5%,"1,000",김동현,부키,20231215,정치/사회
9,9788952766984,S000000733127,국가는 왜 실패하는가,"28,000","25,200",10%,5%,"1,400",대런 애쓰모글루 외,시공사,20120927,정치/사회
10,9791192836355,S000210900929,가난한 아이들은 어떻게 어른이 되는가,"17,500","15,750",10%,5%,870,강지나,돌베개,20231106,정치/사회
11,9788993178982,S000001519722,지리의 힘 2,"23,000","20,700",10%,5%,"1,150",팀 마샬,사이,20220410,정치/사회
12,9791160560589,S000001793712,어떻게 민주주의는 무너지는가,"16,800","15,120",10%,5%,840,스티븐 레비츠키 외,어크로스,20181002,정치/사회
13,9788936477196,S000000612820,선량한 차별주의자(30만부 기념 거울 에디션),"17,000","15,300",10%,5%,850,김지혜,창비,20241206,정치/사회
14,9788997780563,S000211992024,검찰의 심장부에서,"22,000","19,800",10%,5%,"1,100",한동수,오마이북,20240122,정치/사회
15,9788937834950,S000000625456,코끼리는 생각하지 마,"16,800","15,120",10%,5%,840,조지 레이코프,와이즈베리,20180520,정치/사회
16,9791166891533,S000202238226,공자가 죽어야 나라가 산다,"8,000","7,200",10%,5%,400,김경일,바다출판사,20230605,정치/사회
17,9788970871554,S000213969560,테러리스트 김구,"30,000","27,000",10%,5%,"1,500",정안기,미래사,20240815,정치/사회
18,9791198606006,S000212002874,"전광훈, 자유 통일의 길","20,000","18,000",10%,5%,"1,000",광화문연구소,뉴퓨리턴,20240126,정치/사회
19,9791187038030,S000001896430,왜 세계의 절반은 굶주리는가?,"12,800","11,520",10%,5%,640,장 지글러,갈라파고스,20160321,정치/사회
20,9788993178524,S000211834625,축소되는 세계,"23,000","20,700",10%,5%,"1,150",앨런 말라흐,사이,20240120,정치/사회
21,9791130645469,S000208719179,디케의 눈물(리스타트 에디션),"18,800","16,920",10%,5%,940,조국,다산북스,20240531,정치/사회
22,9791192663180,S000213799663,나는 고발한다: 이화영 대북송금 조작사건의 실체,"20,000","18,000",10%,5%,"1,000",김현철 외,PARK&JEONG,20240720,정치/사회
23,9791193166147,S000202799911,권력과 진보,"32,000","28,800",10%,5%,"1,600",대런 아세모글루 외,생각의힘,20230630,정치/사회
24,9791139700114,S000001718360,군중심리,"12,000","10,800",10%,5%,600,귀스타브 르 봉,현대지성,20211008,정치/사회
25,9788935678808,S000213999221,김대중 육성 회고록,"33,000","29,700",10%,5%,"1,650",연세대학교 김대중도서관,한길사,20240812,정치/사회
26,9791167140791,S000212729971,경쟁 교육은 야만이다,"18,500","16,650",10%,5%,920,김누리,해냄출판사,20240320,정치/사회
27,9791191517644,S000211552712,73년생 한동훈,"22,000","19,800",10%,5%,"1,100",심규진,새빛,20231225,정치/사회
28,9791191998290,S000213096537,자살하는 대한민국,"19,000","17,100",10%,5%,950,김현성,사이드웨이,20240430,정치/사회
29,9788932475066,S000212806534,컬트,"25,000","22,500",10%,5%,"1,250",맥스 커틀러 외,을유문화사,20240330,정치/사회
1,9791187506072,S000001902767,하나님의 열심,"20,000","18,000",10%,5%,"1,000",박영선,무근검(남포교회출판부),20171229,종교
2,9788936513191,S000000614285,스크루테이프의 편지,"13,000","11,700",10%,5%,650,C. S. 루이스,홍성사,20181115,종교
3,9791198740656,S000213379768,읽는 기도,"5,500","4,950",10%,5%,270,무명의 기도자,더하트,20240523,종교
4,9788953120501,S000000751652,"팀 켈러, 결혼을 말하다","15,000","13,500",10%,5%,750,팀 켈러,두란노서원,20140526,종교
5,9791170831211,S000212844203,고백의 언어들,"22,000","19,800",10%,5%,"1,100",김기석,복있는사람,20240401,종교
6,9791189611583,S000214428151,제사와 율법책 12(상),"25,000","22,500",10%,5%,"1,250",박윤식,휘선(성경보수구속사운동센터),20241027,종교
7,9791165045258,S000213133026,"하나님, 그래서 그러셨군요!","19,500","17,550",10%,5%,970,신애라,규장,20240508,종교
8,9791165045098,S000212416779,기도를 송두리째 바꾸신 예수 그리스도,"19,000","17,100",10%,5%,950,박리부가,규장,20240227,종교
9,9788936513269,S000000614289,순전한 기독교,"16,000","14,400",10%,5%,800,C. S. 루이스,홍성사,20181217,종교
10,9791192082103,S000213625167,우리가 반드시 가야 할 나라,"6,500","5,850",10%,5%,320,천주영,하늘기획,20240628,종교
11,9788904141555,S000213908307,5가지 사랑의 언어,"14,000","12,600",10%,5%,700,게리 채프먼,생명의말씀사,20240730,종교
12,9791187297413,S000061353499,법륜 스님의 반야심경 강의,"19,500","17,550",10%,5%,970,법륜,정토출판,20220630,종교
13,9788953119901,S000000751591,일과 영성,"14,000","12,600",10%,5%,700,팀 켈러,두란노서원,20131118,종교
14,9788953128286,S000000752067,팀 켈러의 내가 만든 신,"14,000","12,600",10%,5%,700,팀 켈러,두란노서원,20170509,종교
15,9791165045432,S000213852478,하나님의 DNA,"23,000","20,700",10%,5%,"1,150",최상훈,규장,20240730,종교
16,9788938814623,S000000634514,목적이 이끄는 삶,"13,000","11,700",10%,5%,650,릭 워렌,디모데,20100527,종교
17,9791193454596,S000212653587,인생의 괴로움과 깨달음,"20,000","18,000",10%,1%,200,강성용,불광출판사,20240308,종교
18,9791198267634,S000208827959,버리기 잘한 습관들,"11,000","9,900",10%,5%,550,박길웅,구름이머무는동안,20230912,종교
19,9788953125780,S000000751913,팀 켈러의 탕부 하나님,"10,000","9,000",10%,5%,500,팀 켈러,두란노서원,20160711,종교
20,9788951119927,S000000714123,나와 너,"12,000","10,800",10%,5%,600,마르틴 부버,대한기독교서회,20200325,종교
21,9791195543779,S000001963871,어? 성경이 읽어지네!(구약),"23,000","20,700",10%,5%,"1,150",이애실,성경방,20180320,종교
22,9791165045296,S000213290016,환영합니다 성령님,"25,000","22,500",10%,5%,"1,250",손기철,규장,20240522,종교
23,9788904164066,S000000413484,지저스 콜링,"12,000","10,800",10%,5%,600,사라 영,생명의말씀사,20121130,종교
24,9788953148208,S000212671137,교회 속 반그리스도인,"14,000","12,600",10%,5%,700,조정민,두란노,20240320,종교
25,9788953122147,S000000751765,팀 켈러의 기도,"16,000","14,400",10%,5%,800,팀 켈러,두란노서원,20150519,종교
26,9788954637169,S000000779365,법륜 스님의 행복,"15,000","13,500",10%,5%,750,법륜,나무의마음,20160817,종교
27,9788985961714,S000001351328,법륜스님의 금강경 강의,"27,000","24,300",10%,5%,"1,350",법륜,정토출판,20121123,종교
28,9791192997254,S000202248559,이제서야 이해되는 불교,"18,000","16,200",10%,5%,900,원영,불광출판사,20230523,종교
29,9791165045609,S000214304603,한국 교회 트렌드 2025,"22,000","19,800",10%,5%,"1,100",지용근 외,규장,20240925,종교
30,9788932816425,S000000579664,내면세계의 질서와 영적 성장,"18,000","16,200",10%,5%,900,고든 맥도날드,IVP,20180910,종교
1,9791191061048,S000001947596,언젠가 우리가 같은 별을 바라본다면,"12,000","10,800",10%,5%,600,차인표,해결책,20211215,청소년
2,9791167552723,S000213634979,죽이고 싶은 아이 2,"14,000","12,600",10%,5%,700,이꽃님,우리학교,20240701,청소년
3,9791198682550,S000213690082,너에게 들려주는 단단한 말,"18,000","16,200",10%,5%,900,김종원,퍼스트펭귄,20240710,청소년
4,9788954694575,S000208591551,여름을 한 입 베어 물었더니,"12,500","11,250",10%,5%,620,이꽃님,문학동네,20230818,청소년
5,9791193647646,S000211975066,시한부,"16,800","15,120",10%,5%,840,백은별,바른북스,20240123,청소년
6,9788954650212,S000000780033,세계를 건너 너에게 갈게,"13,500","12,150",10%,5%,670,이꽃님,문학동네,20210924,청소년
7,9791198363503,S000202972044,아몬드(청소년),"16,800","15,120",10%,5%,840,손원평,다즐링,20230714,청소년
8,9791167550972,S000201203797,당연하게도 나는 너를,"13,500","12,150",10%,5%,670,이꽃님,우리학교,20230314,청소년
9,9791168121065,S000001852269,오백 년째 열다섯,"12,500","11,250",10%,5%,620,김혜정,위즈덤하우스,20230728,청소년
10,9791193506448,S000213260277,신화의 숲,"18,000","16,200",10%,5%,900,김헌,포레스트북스,20240520,청소년
11,9791130604626,S000001686280,이토록 공부가 재미있어지는 순간(50만 부 기념 우리들 에디션),"18,000","16,200",10%,5%,900,박성혁,다산북스,20230801,청소년
12,9791168127630,S000209008360,비스킷,"14,800","13,320",10%,5%,740,김선미,위즈덤하우스,20230918,청소년
13,9788954654753,S000000780281,체리새우: 비밀글입니다,"11,500","10,350",10%,5%,570,황영미,문학동네,20190128,청소년
14,9788954691154,S000201044479,고요한 우연,"12,500","11,250",10%,5%,620,김수빈,문학동네,20230220,청소년
15,9788936457259,S000213094134,율의 시선,"13,000","11,700",10%,5%,650,김민서,창비,20240426,청소년
16,9788949123554,S000212852109,기억 전달자,"16,000","14,400",10%,5%,800,로이스 로리,비룡소,20240325,청소년
17,9788949123493,S000000699547,순례 주택,"15,000","13,500",10%,5%,750,유은실,비룡소,20230824,청소년
18,9788949139999,S000212855674,모모(출간 50주년 기념 개정판),"22,000","19,800",10%,5%,"1,100",미하엘 엔데,비룡소,20240329,청소년
19,9791167030313,S000001848643,가짜 모범생,"12,000","10,800",10%,5%,600,손현주,특별한서재,20211015,청소년
20,9791193506363,S000212390275,공부가 설렘이 되는 순간,"18,800","16,920",10%,5%,940,조승우,포레스트북스,20240221,청소년
21,9791198682529,S000213325910,바빌론의 부자 멘토와 꼬마 제자,"18,500","16,650",10%,5%,920,조지 S. 클레이슨,퍼스트펭귄,20240525,청소년
22,9791168341906,S000213184591,셰이커,"15,000","13,500",10%,5%,750,이희영,래빗홀,20240508,청소년
23,9791191360998,S000212463324,"경제수학, 위기의 편의점을 살려라!","15,000","13,500",10%,5%,750,김나영,생각학교,20240211,청소년
24,9788963720654,S000000992525,그대들 어떻게 살 것인가,"15,000","13,500",10%,5%,750,요시노 겐자부로,양철북,20120628,청소년
25,9791130671024,S000213237208,리버보이,"15,000","13,500",10%,5%,750,팀 보울러,다산책방,20240510,청소년
26,9791192625485,S000202469353,고전의 숲,"17,500","15,750",10%,5%,870,김태완,포레스트북스,20230605,청소년
27,9791193476031,S000213156933,아직도 악어와 악어새 이야기를 믿어?,"16,500","14,850",10%,5%,820,이하늬,스테이블,20240514,청소년
28,9791130695723,S000200473038,열다섯에 곰이라니,"13,000","11,700",10%,5%,650,추정경,다산책방,20221220,청소년
29,9791189584795,S000001928482,철학의 숲,"16,000","14,400",10%,5%,800,브렌던 오도너휴,포레스트북스,20200826,청소년
1,9788927812975,S000061350533,당신은 사건 현장에 있습니다,"28,000","25,200",10%,5%,"1,400",모데스토 가르시아,중앙북스,20220530,취미/실용/스포츠
2,9791161507200,S000202801381,New 미꽃체 손글씨 노트,"16,700","15,030",10%,5%,830,최현미(미꽃),시원북스,20230627,취미/실용/스포츠
3,9788971429914,S000001100374,스프링북 스도쿠 1(초급 중급),"7,500","6,750",10%,5%,370,스도쿠 존 연구소 외,시간과공간사,20180108,취미/실용/스포츠
4,9791196535049,S000001977637,스도쿠 2(중급/고급),"7,000","6,300",10%,5%,350,수피아편집기획팀,수피아(supia),20190527,취미/실용/스포츠
5,9791196535032,S000001977636,스도쿠 1(초급/중급),"7,000","6,300",10%,5%,350,수피아편집기획팀,수피아(supia),20190518,취미/실용/스포츠
6,9788927879947,S000208710089,크라임 퍼즐,"19,500","17,550",10%,5%,970,G.T.Karber,중앙북스,20230811,취미/실용/스포츠
7,9788971429921,S000001100375,스프링북 스도쿠 2(고급 고수),"7,500","6,750",10%,5%,370,스도쿠 존 연구소 외,시간과공간사,20180108,취미/실용/스포츠
8,9791190818162,S000061585805,어른을 위한 고급 어휘력 가로세로 낱말퍼즐,"11,900","10,710",10%,5%,590,박찬영,시간과공간사,20220930,취미/실용/스포츠
9,9791169780285,S000212571908,2024 프로야구 가이드북,"27,000","24,300",10%,5%,"1,350",나유리 외,브레인스토어,20240329,취미/실용/스포츠
10,9791171727032,S000211815637,소워니놀이터 달콤하우스 스퀴시북,"20,000","18,000",10%,5%,"1,000",조윤성,대원앤북,20240102,취미/실용/스포츠
11,9788927879718,S000201419276,당신은 사건 현장에 있습니다 시즌 2,"28,000","25,200",10%,5%,"1,400",모데스토 가르시아,중앙북스,20230403,취미/실용/스포츠
12,9788901289632,S000214650354,김대리의 취향 니트,"21,000","18,900",10%,5%,"1,050",바늘이야기 김대리,웅진리빙하우스,20241111,취미/실용/스포츠
13,9788947547994,S000000696202,벤 호건 골프의 기본,"20,000","18,000",10%,5%,"1,000",벤 호건 외,한국경제신문,20220310,취미/실용/스포츠
14,9791155719435,S000208964945,더 챔피언(The Champion)(2023-2024),"33,000","29,700",10%,5%,"1,650",송영주 외,맥스미디어,20230918,취미/실용/스포츠
15,9788901276526,S000210964535,김대리의 데일리 뜨개,"21,000","18,900",10%,5%,"1,050",바늘이야기 김대리,웅진리빙하우스,20231108,취미/실용/스포츠
16,9791188726493,S000001917974,20인의 스타플레이어에게 배우는 슈퍼스타 축구 기술,"18,800","16,920",10%,5%,940,에이든 레드넷지,라의눈,20200501,취미/실용/스포츠
17,9791160322255,S000213447825,나병관 프로의 탈골 스윙,"28,000","25,200",10%,5%,"1,400",나병관,싸이프레스,20240603,취미/실용/스포츠
18,9791193866009,S000212755315,어른을 위한 두뇌 피트니스,"16,800","15,120",10%,5%,840,개러스 무어 외,피카 라이프(FIKA LIFE),20240325,취미/실용/스포츠
19,9791138364188,S000211729307,소워니놀이터와 함께 떠나는 띠부띠부 세계여행,"20,000","18,000",10%,5%,"1,000",조윤성,시대인,20240125,취미/실용/스포츠
20,9791187936572,S000209211709,일생에 한 번 내 집을 고친다면,"22,000","19,800",10%,5%,"1,100",오아시스,터치아트,20230920,취미/실용/스포츠
21,9791130647623,S000211555642,마루는 강쥐 짱 멋진 마루 스티커북,"16,800","15,120",10%,5%,840,모죠,다산북스,20231205,취미/실용/스포츠
22,9791169780278,S000212265706,2024 K리그 스카우팅리포트,"25,000","22,500",10%,5%,"1,250",김성원 외,브레인스토어,20240308,취미/실용/스포츠
23,9791172036645,S000212717785,프로야구 스카우팅 리포트 2024,"23,000","20,700",10%,5%,"1,150",최훈 외,하빌리스,20240329,취미/실용/스포츠
24,9791161507668,S000209186036,이토록 멋진 영어 필기체 손글씨 (사철제본),"16,700","15,030",10%,5%,830,고민지(잉크잉크),시원북스,20230918,취미/실용/스포츠
25,9791198441508,S000209184925,드루이드가 되고 싶은 당신을 위한 안내서,"24,000","21,600",10%,5%,"1,200",프로개,드루이드아일랜드,20230920,취미/실용/스포츠
26,9791190846103,S000001944788,어른을 위한 두뇌 놀이 책,"9,900","8,910",10%,5%,490,개러스 무어,한빛라이프,20210820,취미/실용/스포츠
27,9791169780148,S000208496416,2023 2024 프리미어리그 가이드북,"29,000","26,100",10%,5%,"1,450",히든풋볼,브레인스토어,20230912,취미/실용/스포츠
28,9791161508467,S000213304846,NEW 미꽃체 필사 노트,"19,800","17,820",10%,5%,990,최현미(미꽃),시원북스,20240528,취미/실용/스포츠
29,9791160079876,S000211645530,암기할 필요 없는 타로 웨이트 카드 세트,"20,000","18,000",10%,5%,"1,000",미미코,한스미디어,20231219,취미/실용/스포츠
30,9788988060391,S000001391156,크툴루의 부름: 수호자 룰북,"38,000","34,200",10%,5%,"1,900",샌디 피터슨 외,초여명,20161130,취미/실용/스포츠
1,9788965422785,S000001020219,해커스 토익 기출 VOCA(보카),"12,900","11,610",10%,5%,640,David Cho,해커스어학연구소,20240819,외국어
2,9788917237481,S000200524493,ETS 토익기출 파트별 VOCA,"13,000","11,700",10%,5%,650,ETS,YBM,20221223,외국어
3,9788917235944,S000000450452,토익 단기공략 750+(LC+RC),"18,000","16,200",10%,5%,900,ETS,YBM,20200820,외국어
4,9788965424765,S000200406668,해커스 토익 RC Reading(리딩) 기본서,"18,800","16,920",10%,5%,940,David Cho,해커스어학연구소,20240819,외국어
5,9788965421030,S000001020123,해커스 보카(Hackers Vocabulary),"16,900","15,210",10%,5%,840,David Cho,해커스어학연구소,20250407,외국어
6,9788965424772,S000200406673,해커스 토익 LC Listening(리스닝) 기본서,"18,800","16,920",10%,5%,940,David Cho,해커스어학연구소,20240819,외국어
7,9788965424628,S000001020313,한 권으로 끝내는 해커스 토익 700+(LC+RC+VOCA),"19,800","17,820",10%,5%,990,해커스 어학연구소,해커스어학연구소,20250120,외국어
8,9791186858387,S000001893506,28시간에 끝내는 토익스피킹 스타트,"17,900","16,110",10%,5%,890,황인기 외,시원스쿨닷컴,20250325,외국어
9,9788917237955,S000061350447,ETS 토익 단기공략 850+(LC+RC),"19,500","17,550",10%,5%,970,ETS,YBM,20220630,외국어
10,9788965423379,S000001020255,해커스 토익 스타트 RC Reading (리딩) 입문서,"14,900","13,410",10%,5%,740,David Cho,해커스어학연구소,20250407,외국어
11,9788965424208,S000001020288,해커스 첫토익 LC+RC+VOCA 기초입문서,"14,900","13,410",10%,5%,740,해커스 어학연구소,해커스어학연구소,20240812,외국어
12,9788965425991,S000208719341,해커스 토플 리딩(Hackers TOEFL Reading),"26,000","23,400",10%,5%,"1,300",David Cho,해커스어학연구소,20250113,외국어
13,9788965423386,S000001020256,해커스 토익 스타트 LC Listening (리스닝) 입문서,"14,900","13,410",10%,5%,740,David Cho,해커스어학연구소,20240902,외국어
14,9788917235937,S000000450451,ETS 토익 단기 공략 650+(LC+RC),"18,000","16,200",10%,5%,900,ETS,YBM,20200723,외국어
15,9788917238594,S000000450495,ETS 토익 정기시험 기출입문서 RC 리딩,"15,000","13,500",10%,5%,750,ETS,YBM,20211220,외국어
16,9788965424222,S000001020290,20일 만에 끝내는 해커스 토익 750+ RC(리딩),"14,900","13,410",10%,5%,740,David Cho,해커스어학연구소,20240102,외국어
17,9788965424871,S000061351206,10일 만에 끝내는 해커스 토익스피킹(토스),"18,900","17,010",10%,5%,940,해커스 어학연구소,해커스어학연구소,20230703,외국어
18,9788965426004,S000208719347,해커스 토플 리스닝(Hackers TOEFL Listening),"32,000","28,800",10%,5%,"1,600",David Cho,해커스어학연구소,20250113,외국어
19,9788917238587,S000000450494,ETS 토익 정기시험 기출입문서 LC 리스닝,"15,000","13,500",10%,5%,750,ETS,YBM,20211213,외국어
20,9788965423300,S000001020250,해커스 토익 왕기초 RC Reading (리딩),"13,900","12,510",10%,5%,690,해커스 어학연구소,해커스어학연구소,20240909,외국어
21,9788965426011,S000202745429,해커스 토플 라이팅(Hackers TOEFL Writing),"25,000","22,500",10%,5%,"1,250",David Cho,해커스어학연구소,20250120,외국어
22,9788965426103,S000202745446,해커스 토플 리딩 인터미디엇(Hackers TOEFL Reading Intermediate),"25,000","22,500",10%,5%,"1,250",David Cho,해커스어학연구소,20250106,외국어
23,9788917238686,S000000450504,박혜원 파워토익 VOCA 보카,"12,800","11,520",10%,5%,640,박혜원,YBM,20211224,외국어
24,9788965424864,S000060622715,10일 만에 끝내는 해커스 토익스피킹(토스) 스타트,"18,900","17,010",10%,5%,940,David Cho,해커스어학연구소,20230703,외국어
25,9788965424239,S000001020291,20일 만에 끝내는 해커스 토익 750+ LC(리스닝),"14,900","13,410",10%,5%,740,David Cho,해커스어학연구소,20240805,외국어
26,9788965423294,S000001020249,해커스 토익 왕기초 LC Listening (리스닝),"13,900","12,510",10%,5%,690,해커스어학연구소,해커스어학연구소,20240909,외국어
27,9788965426080,S000202745434,해커스 토플 리딩 베이직(Hackers TOEFL Reading Basic),"20,000","18,000",10%,5%,"1,000",David Cho,해커스어학연구소,20250203,외국어
28,9788965423119,S000001020243,해커스 토플 스피킹(Hackers TOEFL Speaking),"23,900","21,510",10%,5%,"1,190",David Cho,해커스어학연구소,20241022,외국어
29,9788965423027,S000001020234,해커스 토플 리스닝 인터미디엇(Hackers TOEFL Listening Intermediate),"24,900","22,410",10%,5%,"1,240",David Cho,해커스어학연구소,20250106,외국어
30,9791161503073,S000001802113,15개 템플릿으로 끝내는 토익스피킹(TOEIC Speaking) 필수 전략서,"12,800","11,520",10%,5%,640,황인기(제이크) 외,시원스쿨닷컴,20220602,외국어
1,9788936434120,S000000610612,소년이 온다,"15,000","13,500",10%,5%,750,한강,창비,20140519,소설
2,9788936434595,S000000610650,채식주의자,"17,000","15,300",10%,5%,850,한강,창비,20220328,소설
3,9788954682152,S000000781116,작별하지 않는다,"16,800","15,120",10%,5%,840,한강,문학동네,20210909,소설
4,9788998441012,S000001632467,모순,"13,000","11,700",10%,5%,650,양귀자,쓰다,20130401,소설
5,9788954651134,S000000780090,흰,"14,500","13,050",10%,5%,720,한강,문학동네,20180425,소설
6,9788954616515,S000000778206,희랍어 시간,"13,000","11,700",10%,5%,650,한강,문학동네,20111110,소설
7,9791167372864,S000201621499,구의 증명(리커버판),"12,000","10,800",10%,5%,600,최진영,은행나무,20230426,소설
8,9791161571188,S000001803157,불편한 편의점(벚꽃 에디션),"16,800","15,120",10%,5%,840,김호연,나무옆의자,20210420,소설
9,9788954681155,S000000781065,홍학의 자리,"14,000","12,600",10%,5%,700,정해연,엘릭시르,20210726,소설
10,9788954693462,S000202496475,디 에센셜: 한강(무선 보급판),"17,000","15,300",10%,5%,850,한강,문학동네,20230601,소설
11,9791141601300,S000214032055,이중 하나는 거짓말,"16,000","14,400",10%,5%,800,김애란,문학동네,20240827,소설
12,9788954695053,S000203331812,아주 희미한 빛으로도,"16,800","15,120",10%,5%,840,최은영,문학동네,20230807,소설
13,9791161571768,S000212997171,나의 돈키호테,"18,000","16,200",10%,5%,900,김호연,나무옆의자,20240425,소설
14,9788937473401,S000200550189,급류,"14,000","12,600",10%,5%,700,정대건,민음사,20221222,소설
15,9791167374561,S000214042901,영원한 천국,"19,800","17,820",10%,5%,990,정유정,은행나무,20240828,소설
16,9791193937198,S000213999814,빛이 이끄는 곳으로,"18,800","16,920",10%,5%,940,백희성,북로망스,20240821,소설
17,9791162203620,S000001808685,파과,"15,800","14,220",10%,5%,790,구병모,위즈덤하우스,20180416,소설
18,9788954638746,S000212854941,제15회 젊은작가상 수상작품집(2024),"15,000","13,500",10%,5%,750,김멜라 외,문학동네,20240331,소설
19,9788998441074,S000001632473,나는 소망한다 내게 금지된 것을,"15,000","13,500",10%,5%,750,양귀자,쓰다,20190420,소설
20,9791198530325,S000211788361,메리골드 마음 사진관,"17,000","15,300",10%,5%,850,윤정은,북로망스,20240112,소설
21,9788932034812,S000000570387,여수의 사랑,"16,000","14,400",10%,5%,800,한강,문학과지성사,20181109,소설
22,9791161571379,S000061532631,불편한 편의점 2(단풍 에디션),"16,800","15,120",10%,5%,840,김호연,나무옆의자,20220810,소설
23,9788956609959,S000000828491,종의 기원,"16,800","15,120",10%,5%,840,정유정,은행나무,20160516,소설
24,9791191891287,S000201142283,메리골드 마음 세탁소(30만 부 기념 한정 플라워 에디션),"15,000","13,500",10%,5%,750,윤정은,북로망스,20230306,소설
25,9791196222628,S000001973588,회색 인간,"13,000","11,700",10%,5%,650,김동식,요다,20171227,소설
26,9788954697941,S000213184567,두 사람의 인터내셔널,"16,800","15,120",10%,5%,840,김기태,문학동네,20240515,소설
27,9791190174756,S000001936854,"칵테일, 러브, 좀비 (리커버)","13,000","11,700",10%,5%,650,조예은,안전가옥,20230125,소설
28,9788936437978,S000000610788,대도시의 사랑법,"18,000","16,200",10%,5%,900,박상영,창비,20190628,소설
29,9788936434434,S000000610640,철도원 삼대,"20,000","18,000",10%,5%,"1,000",황석영,창비,20200605,소설
30,9791165341909,S000001835614,달러구트 꿈 백화점,"13,800","12,420",10%,5%,690,이미예,팩토리나인,20200708,소설
